0,'D:\\Dropbox\\hobby\\Modding\\Programs\\Github\\Foreign_Repos\\A3-Antistasi\\functions\\init','fn_initServer.sqf','A3A_fnc_initServer'
1,'D:\\Dropbox\\hobby\\Modding\\Programs\\Github\\Foreign_Repos\\A3-Antistasi\\functions\\init','fn_initClient.sqf','A3A_fnc_initClient'
2,'D:\\Dropbox\\hobby\\Modding\\Programs\\Github\\Foreign_Repos\\A3-Antistasi\\functions\\init','fn_cityinfo.sqf','A3A_fnc_cityinfo'
3,'D:\\Dropbox\\hobby\\Modding\\Programs\\Github\\Foreign_Repos\\A3-Antistasi\\functions\\init','fn_credits.sqf','A3A_fnc_credits'
4,'D:\\Dropbox\\hobby\\Modding\\Programs\\Github\\Foreign_Repos\\A3-Antistasi\\functions\\init','fn_initACEUnconsciousHandler.sqf','A3A_fnc_initACEUnconsciousHandler'
5,'D:\\Dropbox\\hobby\\Modding\\Programs\\Github\\Foreign_Repos\\A3-Antistasi\\functions\\init','fn_initFuncs.sqf','A3A_fnc_initFuncs'
6,'D:\\Dropbox\\hobby\\Modding\\Programs\\Github\\Foreign_Repos\\A3-Antistasi\\functions\\init','fn_initGarrisons.sqf','A3A_fnc_initGarrisons'
7,'D:\\Dropbox\\hobby\\Modding\\Programs\\Github\\Foreign_Repos\\A3-Antistasi\\functions\\init','fn_initGetMissionPath.sqf','A3A_fnc_initGetMissionPath'
8,'D:\\Dropbox\\hobby\\Modding\\Programs\\Github\\Foreign_Repos\\A3-Antistasi\\functions\\init','fn_initSpawnPlaces.sqf','A3A_fnc_initSpawnPlaces'
9,'D:\\Dropbox\\hobby\\Modding\\Programs\\Github\\Foreign_Repos\\A3-Antistasi\\functions\\init','fn_initVar.sqf','A3A_fnc_initVar'
10,'D:\\Dropbox\\hobby\\Modding\\Programs\\Github\\Foreign_Repos\\A3-Antistasi\\functions\\init','fn_initVarClient.sqf','A3A_fnc_initVarClient'
11,'D:\\Dropbox\\hobby\\Modding\\Programs\\Github\\Foreign_Repos\\A3-Antistasi\\functions\\init','fn_initVarCommon.sqf','A3A_fnc_initVarCommon'
12,'D:\\Dropbox\\hobby\\Modding\\Programs\\Github\\Foreign_Repos\\A3-Antistasi\\functions\\init','fn_initVarServer.sqf','A3A_fnc_initVarServer'
13,'D:\\Dropbox\\hobby\\Modding\\Programs\\Github\\Foreign_Repos\\A3-Antistasi\\functions\\init','fn_initZones.sqf','A3A_fnc_initZones'
14,'D:\\Dropbox\\hobby\\Modding\\Programs\\Github\\Foreign_Repos\\A3-Antistasi\\functions\\init','fn_modBlacklist.sqf','A3A_fnc_modBlacklist'
15,'D:\\Dropbox\\hobby\\Modding\\Programs\\Github\\Foreign_Repos\\A3-Antistasi\\functions\\init','fn_playerMarkers.sqf','A3A_fnc_playerMarkers'
16,'D:\\Dropbox\\hobby\\Modding\\Programs\\Github\\Foreign_Repos\\A3-Antistasi\\functions\\init','fn_prepareMarkerArrays.sqf','A3A_fnc_prepareMarkerArrays'
17,'D:\\Dropbox\\hobby\\Modding\\Programs\\Github\\Foreign_Repos\\A3-Antistasi\\functions\\init','fn_reinitY.sqf','A3A_fnc_reinitY'c
18,'D:\\Dropbox\\hobby\\Modding\\Programs\\Github\\Foreign_Repos\\A3-Antistasi\\functions\\init','fn_resourcecheck.sqf','A3A_fnc_resourcecheck'
19,'D:\\Dropbox\\hobby\\Modding\\Programs\\Github\\Foreign_Repos\\A3-Antistasi\\functions\\init','fn_tags.sqf','A3A_fnc_tags'
20,'D:\\Dropbox\\hobby\\Modding\\Programs\\Github\\Foreign_Repos\\A3-Antistasi\\functions\\Base','fn_addActionBreachVehicle.sqf','A3A_fnc_addActionBreachVehicle'
21,'D:\\Dropbox\\hobby\\Modding\\Programs\\Github\\Foreign_Repos\\A3-Antistasi\\functions\\Base','fn_addHC.sqf','A3A_fnc_addHC'
22,'D:\\Dropbox\\hobby\\Modding\\Programs\\Github\\Foreign_Repos\\A3-Antistasi\\functions\\Base','fn_addTimeForIdle.sqf','A3A_fnc_addTimeForIdle'
23,'D:\\Dropbox\\hobby\\Modding\\Programs\\Github\\Foreign_Repos\\A3-Antistasi\\functions\\Base','fn_aggressionUpdateLoop.sqf','A3A_fnc_aggressionUpdateLoop'
24,'D:\\Dropbox\\hobby\\Modding\\Programs\\Github\\Foreign_Repos\\A3-Antistasi\\functions\\Base','fn_AILoadInfo.sqf','A3A_fnc_AILoadInfo'
25,'D:\\Dropbox\\hobby\\Modding\\Programs\\Github\\Foreign_Repos\\A3-Antistasi\\functions\\Base','fn_rebelAttack.sqf','A3A_fnc_rebelAttack'
26,'D:\\Dropbox\\hobby\\Modding\\Programs\\Github\\Foreign_Repos\\A3-Antistasi\\functions\\Base','fn_blackout.sqf','A3A_fnc_blackout'
27,'D:\\Dropbox\\hobby\\Modding\\Programs\\Github\\Foreign_Repos\\A3-Antistasi\\functions\\Base','fn_buildHQ.sqf','A3A_fnc_buildHQ'
28,'D:\\Dropbox\\hobby\\Modding\\Programs\\Github\\Foreign_Repos\\A3-Antistasi\\functions\\Base','fn_calculateAggression.sqf','A3A_fnc_calculateAggression'
29,'D:\\Dropbox\\hobby\\Modding\\Programs\\Github\\Foreign_Repos\\A3-Antistasi\\functions\\Base','fn_citiesToCivPatrol.sqf','A3A_fnc_citiesToCivPatrol'
30,'D:\\Dropbox\\hobby\\Modding\\Programs\\Github\\Foreign_Repos\\A3-Antistasi\\functions\\Base','fn_citySupportChange.sqf','A3A_fnc_citySupportChange'
31,'D:\\Dropbox\\hobby\\Modding\\Programs\\Github\\Foreign_Repos\\A3-Antistasi\\functions\\Base','fn_commsMP.sqf','A3A_fnc_commsMP'
32,'D:\\Dropbox\\hobby\\Modding\\Programs\\Github\\Foreign_Repos\\A3-Antistasi\\functions\\Base','fn_createBreachChargeText.sqf','A3A_fnc_createBreachChargeText'
33,'D:\\Dropbox\\hobby\\Modding\\Programs\\Github\\Foreign_Repos\\A3-Antistasi\\functions\\Base','fn_createControls.sqf','A3A_fnc_createControls'
34,'D:\\Dropbox\\hobby\\Modding\\Programs\\Github\\Foreign_Repos\\A3-Antistasi\\functions\\Base','fn_createOutpostsFIA.sqf','A3A_fnc_createOutpostsFIA'
35,'D:\\Dropbox\\hobby\\Modding\\Programs\\Github\\Foreign_Repos\\A3-Antistasi\\functions\\Base','fn_createPetros.sqf','A3A_fnc_createPetros'
36,'D:\\Dropbox\\hobby\\Modding\\Programs\\Github\\Foreign_Repos\\A3-Antistasi\\functions\\Base','fn_deleteControls.sqf','A3A_fnc_deleteControls'
37,'D:\\Dropbox\\hobby\\Modding\\Programs\\Github\\Foreign_Repos\\A3-Antistasi\\functions\\Base','fn_destroyCity.sqf','A3A_fnc_destroyCity'
38,'D:\\Dropbox\\hobby\\Modding\\Programs\\Github\\Foreign_Repos\\A3-Antistasi\\functions\\Base','fn_distance.sqf','A3A_fnc_distance'
39,'D:\\Dropbox\\hobby\\Modding\\Programs\\Github\\Foreign_Repos\\A3-Antistasi\\functions\\Base','fn_distanceUnits.sqf','A3A_fnc_distanceUnits'
40,'D:\\Dropbox\\hobby\\Modding\\Programs\\Github\\Foreign_Repos\\A3-Antistasi\\functions\\Base','fn_economicsAI.sqf','A3A_fnc_economicsAI'
41,'D:\\Dropbox\\hobby\\Modding\\Programs\\Github\\Foreign_Repos\\A3-Antistasi\\functions\\Base','fn_ejectPvPPlayerIfInvalidVehicle.sqf','A3A_fnc_ejectPvPPlayerIfInvalidVehicle'
42,'D:\\Dropbox\\hobby\\Modding\\Programs\\Github\\Foreign_Repos\\A3-Antistasi\\functions\\Base','fn_FIAradio.sqf','A3A_fnc_FIAradio'
43,'D:\\Dropbox\\hobby\\Modding\\Programs\\Github\\Foreign_Repos\\A3-Antistasi\\functions\\Base','fn_findBasesForConvoy.sqf','A3A_fnc_findBasesForConvoy'
44,'D:\\Dropbox\\hobby\\Modding\\Programs\\Github\\Foreign_Repos\\A3-Antistasi\\functions\\Base','fn_findNearestGoodRoad.sqf','A3A_fnc_findNearestGoodRoad'
45,'D:\\Dropbox\\hobby\\Modding\\Programs\\Github\\Foreign_Repos\\A3-Antistasi\\functions\\Base','fn_flagaction.sqf','A3A_fnc_flagaction'
46,'D:\\Dropbox\\hobby\\Modding\\Programs\\Github\\Foreign_Repos\\A3-Antistasi\\functions\\Base','fn_fogCheck.sqf','A3A_fnc_fogCheck'
47,'D:\\Dropbox\\hobby\\Modding\\Programs\\Github\\Foreign_Repos\\A3-Antistasi\\functions\\Base','fn_garbageCleaner.sqf','A3A_fnc_garbageCleaner'
48,'D:\\Dropbox\\hobby\\Modding\\Programs\\Github\\Foreign_Repos\\A3-Antistasi\\functions\\Base','fn_garrisonInfo.sqf','A3A_fnc_garrisonInfo'
49,'D:\\Dropbox\\hobby\\Modding\\Programs\\Github\\Foreign_Repos\\A3-Antistasi\\functions\\Base','fn_getAggroLevelString.sqf','A3A_fnc_getAggroLevelString'
50,'D:\\Dropbox\\hobby\\Modding\\Programs\\Github\\Foreign_Repos\\A3-Antistasi\\functions\\Base','fn_healAndRepair.sqf','A3A_fnc_healAndRepair'
51,'D:\\Dropbox\\hobby\\Modding\\Programs\\Github\\Foreign_Repos\\A3-Antistasi\\functions\\Base','fn_initPetros.sqf','A3A_fnc_initPetros'
52,'D:\\Dropbox\\hobby\\Modding\\Programs\\Github\\Foreign_Repos\\A3-Antistasi\\functions\\Base','fn_isFrontline.sqf','A3A_fnc_isFrontline'
53,'D:\\Dropbox\\hobby\\Modding\\Programs\\Github\\Foreign_Repos\\A3-Antistasi\\functions\\Base','fn_isTheSameIsland.sqf','A3A_fnc_isTheSameIsland'
54,'D:\\Dropbox\\hobby\\Modding\\Programs\\Github\\Foreign_Repos\\A3-Antistasi\\functions\\Base','fn_joinMultipleGroups.sqf','A3A_fnc_joinMultipleGroups'
55,'D:\\Dropbox\\hobby\\Modding\\Programs\\Github\\Foreign_Repos\\A3-Antistasi\\functions\\Base','fn_keys.sqf','A3A_fnc_keys'
56,'D:\\Dropbox\\hobby\\Modding\\Programs\\Github\\Foreign_Repos\\A3-Antistasi\\functions\\Base','fn_localizar.sqf','A3A_fnc_localizar'
57,'D:\\Dropbox\\hobby\\Modding\\Programs\\Github\\Foreign_Repos\\A3-Antistasi\\functions\\Base','fn_location.sqf','A3A_fnc_location'
58,'D:\\Dropbox\\hobby\\Modding\\Programs\\Github\\Foreign_Repos\\A3-Antistasi\\functions\\Base','fn_logPerformance.sqf','A3A_fnc_logPerformance'
59,'D:\\Dropbox\\hobby\\Modding\\Programs\\Github\\Foreign_Repos\\A3-Antistasi\\functions\\Base','fn_markerChange.sqf','A3A_fnc_markerChange'
60,'D:\\Dropbox\\hobby\\Modding\\Programs\\Github\\Foreign_Repos\\A3-Antistasi\\functions\\Base','fn_moveHQ.sqf','A3A_fnc_moveHQ'
61,'D:\\Dropbox\\hobby\\Modding\\Programs\\Github\\Foreign_Repos\\A3-Antistasi\\functions\\Base','fn_mrkUpdate.sqf','A3A_fnc_mrkUpdate'
62,'D:\\Dropbox\\hobby\\Modding\\Programs\\Github\\Foreign_Repos\\A3-Antistasi\\functions\\Base','fn_mrkWIN.sqf','A3A_fnc_mrkWIN'
63,'D:\\Dropbox\\hobby\\Modding\\Programs\\Github\\Foreign_Repos\\A3-Antistasi\\functions\\Base','fn_NATOFT.sqf','A3A_fnc_NATOFT'
64,'D:\\Dropbox\\hobby\\Modding\\Programs\\Github\\Foreign_Repos\\A3-Antistasi\\functions\\Base','fn_numericRank.sqf','A3A_fnc_numericRank'
65,'D:\\Dropbox\\hobby\\Modding\\Programs\\Github\\Foreign_Repos\\A3-Antistasi\\functions\\Base','fn_onHeadlessClientDisconnect.sqf','A3A_fnc_onHeadlessClientDisconnect'
66,'D:\\Dropbox\\hobby\\Modding\\Programs\\Github\\Foreign_Repos\\A3-Antistasi\\functions\\Base','fn_onPlayerDisconnect.sqf','A3A_fnc_onPlayerDisconnect'
67,'D:\\Dropbox\\hobby\\Modding\\Programs\\Github\\Foreign_Repos\\A3-Antistasi\\functions\\Base','fn_outpostDialog.sqf','A3A_fnc_outpostDialog'
68,'D:\\Dropbox\\hobby\\Modding\\Programs\\Github\\Foreign_Repos\\A3-Antistasi\\functions\\Base','fn_patrolDestinations.sqf','A3A_fnc_patrolDestinations'
69,'D:\\Dropbox\\hobby\\Modding\\Programs\\Github\\Foreign_Repos\\A3-Antistasi\\functions\\Base','fn_placementSelection.sqf','A3A_fnc_placementSelection'
70,'D:\\Dropbox\\hobby\\Modding\\Programs\\Github\\Foreign_Repos\\A3-Antistasi\\functions\\Base','fn_playableUnits.sqf','A3A_fnc_playableUnits'
71,'D:\\Dropbox\\hobby\\Modding\\Programs\\Github\\Foreign_Repos\\A3-Antistasi\\functions\\Base','fn_getSideRadioTowerInfluence.sqf','A3A_fnc_getSideRadioTowerInfluence'
72,'D:\\Dropbox\\hobby\\Modding\\Programs\\Github\\Foreign_Repos\\A3-Antistasi\\functions\\Base','fn_powerReorg.sqf','A3A_fnc_powerReorg'
73,'D:\\Dropbox\\hobby\\Modding\\Programs\\Github\\Foreign_Repos\\A3-Antistasi\\functions\\Base','fn_prestige.sqf','A3A_fnc_prestige'
74,'D:\\Dropbox\\hobby\\Modding\\Programs\\Github\\Foreign_Repos\\A3-Antistasi\\functions\\Base','fn_radioCheck.sqf','A3A_fnc_radioCheck'
75,'D:\\Dropbox\\hobby\\Modding\\Programs\\Github\\Foreign_Repos\\A3-Antistasi\\functions\\Base','fn_rebuildAssets.sqf','A3A_fnc_rebuildAssets'
76,'D:\\Dropbox\\hobby\\Modding\\Programs\\Github\\Foreign_Repos\\A3-Antistasi\\functions\\Base','fn_rebuildRadioTower.sqf','A3A_fnc_rebuildRadioTower'
77,'D:\\Dropbox\\hobby\\Modding\\Programs\\Github\\Foreign_Repos\\A3-Antistasi\\functions\\Base','fn_relocateHQObjects.sqf','A3A_fnc_relocateHQObjects'
78,'D:\\Dropbox\\hobby\\Modding\\Programs\\Github\\Foreign_Repos\\A3-Antistasi\\functions\\Base','fn_repairRuinedBuilding.sqf','A3A_fnc_repairRuinedBuilding'
79,'D:\\Dropbox\\hobby\\Modding\\Programs\\Github\\Foreign_Repos\\A3-Antistasi\\functions\\Base','fn_resourceCheckSkipTime.sqf','A3A_fnc_resourceCheckSkipTime'
80,'D:\\Dropbox\\hobby\\Modding\\Programs\\Github\\Foreign_Repos\\A3-Antistasi\\functions\\Base','fn_resourcesFIA.sqf','A3A_fnc_resourcesFIA'
81,'D:\\Dropbox\\hobby\\Modding\\Programs\\Github\\Foreign_Repos\\A3-Antistasi\\functions\\Base','fn_returnMuzzle.sqf','A3A_fnc_returnMuzzle'
82,'D:\\Dropbox\\hobby\\Modding\\Programs\\Github\\Foreign_Repos\\A3-Antistasi\\functions\\Base','fn_revealToPlayer.sqf','A3A_fnc_revealToPlayer'
83,'D:\\Dropbox\\hobby\\Modding\\Programs\\Github\\Foreign_Repos\\A3-Antistasi\\functions\\Base','fn_scheduler.sqf','A3A_fnc_scheduler'
84,'D:\\Dropbox\\hobby\\Modding\\Programs\\Github\\Foreign_Repos\\A3-Antistasi\\functions\\Base','fn_sellVehicle.sqf','A3A_fnc_sellVehicle'
85,'D:\\Dropbox\\hobby\\Modding\\Programs\\Github\\Foreign_Repos\\A3-Antistasi\\functions\\Base','fn_setMarkerAlphaForSide.sqf','A3A_fnc_setMarkerAlphaForSide'
86,'D:\\Dropbox\\hobby\\Modding\\Programs\\Github\\Foreign_Repos\\A3-Antistasi\\functions\\Base','fn_sizeMarker.sqf','A3A_fnc_sizeMarker'
87,'D:\\Dropbox\\hobby\\Modding\\Programs\\Github\\Foreign_Repos\\A3-Antistasi\\functions\\Base','fn_splitVehicleCrewIntoOwnGroups.sqf','A3A_fnc_splitVehicleCrewIntoOwnGroups'
88,'D:\\Dropbox\\hobby\\Modding\\Programs\\Github\\Foreign_Repos\\A3-Antistasi\\functions\\Base','fn_startBreachVehicle.sqf','A3A_fnc_startBreachVehicle'
89,'D:\\Dropbox\\hobby\\Modding\\Programs\\Github\\Foreign_Repos\\A3-Antistasi\\functions\\Base','fn_statistics.sqf','A3A_fnc_statistics'
90,'D:\\Dropbox\\hobby\\Modding\\Programs\\Github\\Foreign_Repos\\A3-Antistasi\\functions\\Base','fn_stripGearFromLoadout.sqf','A3A_fnc_stripGearFromLoadout'
91,'D:\\Dropbox\\hobby\\Modding\\Programs\\Github\\Foreign_Repos\\A3-Antistasi\\functions\\Base','fn_teleportVehicleToBase.sqf','A3A_fnc_teleportVehicleToBase'
92,'D:\\Dropbox\\hobby\\Modding\\Programs\\Github\\Foreign_Repos\\A3-Antistasi\\functions\\Base','fn_timingCA.sqf','A3A_fnc_timingCA'
93,'D:\\Dropbox\\hobby\\Modding\\Programs\\Github\\Foreign_Repos\\A3-Antistasi\\functions\\Base','fn_translateVariable.sqf','A3A_fnc_translateVariable'
94,'D:\\Dropbox\\hobby\\Modding\\Programs\\Github\\Foreign_Repos\\A3-Antistasi\\functions\\Base','fn_unlockVehicle.sqf','A3A_fnc_unlockVehicle'
95,'D:\\Dropbox\\hobby\\Modding\\Programs\\Github\\Foreign_Repos\\A3-Antistasi\\functions\\Base','fn_zoneCheck.sqf','A3A_fnc_zoneCheck'
96,'D:\\Dropbox\\hobby\\Modding\\Programs\\Github\\Foreign_Repos\\A3-Antistasi\\functions\\AI','fn_occupantInvaderUnitKilledEH.sqf','A3A_fnc_occupantInvaderUnitKilledEH'
97,'D:\\Dropbox\\hobby\\Modding\\Programs\\Github\\Foreign_Repos\\A3-Antistasi\\functions\\AI','fn_airbomb.sqf','A3A_fnc_airbomb'
98,'D:\\Dropbox\\hobby\\Modding\\Programs\\Github\\Foreign_Repos\\A3-Antistasi\\functions\\AI','fn_airdrop.sqf','A3A_fnc_airdrop'
99,'D:\\Dropbox\\hobby\\Modding\\Programs\\Github\\Foreign_Repos\\A3-Antistasi\\functions\\AI','fn_AIreactOnKill.sqf','A3A_fnc_AIreactOnKill'
100,'D:\\Dropbox\\hobby\\Modding\\Programs\\Github\\Foreign_Repos\\A3-Antistasi\\functions\\AI','fn_airstrike.sqf','A3A_fnc_airstrike'
101,'D:\\Dropbox\\hobby\\Modding\\Programs\\Github\\Foreign_Repos\\A3-Antistasi\\functions\\AI','fn_artillery.sqf','A3A_fnc_artillery'
102,'D:\\Dropbox\\hobby\\Modding\\Programs\\Github\\Foreign_Repos\\A3-Antistasi\\functions\\AI','fn_artySupport.sqf','A3A_fnc_artySupport'
103,'D:\\Dropbox\\hobby\\Modding\\Programs\\Github\\Foreign_Repos\\A3-Antistasi\\functions\\AI','fn_askHelp.sqf','A3A_fnc_askHelp'
104,'D:\\Dropbox\\hobby\\Modding\\Programs\\Github\\Foreign_Repos\\A3-Antistasi\\functions\\AI','fn_assaultBuilding.sqf','A3A_fnc_assaultBuilding'
105,'D:\\Dropbox\\hobby\\Modding\\Programs\\Github\\Foreign_Repos\\A3-Antistasi\\functions\\AI','fn_attackDrillAI.sqf','A3A_fnc_attackDrillAI'
106,'D:\\Dropbox\\hobby\\Modding\\Programs\\Github\\Foreign_Repos\\A3-Antistasi\\functions\\AI','fn_autoHealFnc.sqf','A3A_fnc_autoHealFnc'
107,'D:\\Dropbox\\hobby\\Modding\\Programs\\Github\\Foreign_Repos\\A3-Antistasi\\functions\\AI','fn_autoLoot.sqf','A3A_fnc_autoLoot'
108,'D:\\Dropbox\\hobby\\Modding\\Programs\\Github\\Foreign_Repos\\A3-Antistasi\\functions\\AI','fn_autoRearm.sqf','A3A_fnc_autoRearm'
109,'D:\\Dropbox\\hobby\\Modding\\Programs\\Github\\Foreign_Repos\\A3-Antistasi\\functions\\AI','fn_canConquer.sqf','A3A_fnc_canConquer'
110,'D:\\Dropbox\\hobby\\Modding\\Programs\\Github\\Foreign_Repos\\A3-Antistasi\\functions\\AI','fn_canFight.sqf','A3A_fnc_canFight'
111,'D:\\Dropbox\\hobby\\Modding\\Programs\\Github\\Foreign_Repos\\A3-Antistasi\\functions\\AI','fn_captureX.sqf','A3A_fnc_captureX'
112,'D:\\Dropbox\\hobby\\Modding\\Programs\\Github\\Foreign_Repos\\A3-Antistasi\\functions\\AI','fn_chargeWithSmoke.sqf','A3A_fnc_chargeWithSmoke'
113,'D:\\Dropbox\\hobby\\Modding\\Programs\\Github\\Foreign_Repos\\A3-Antistasi\\functions\\AI','fn_coverage.sqf','A3A_fnc_coverage'
114,'D:\\Dropbox\\hobby\\Modding\\Programs\\Github\\Foreign_Repos\\A3-Antistasi\\functions\\AI','fn_destroyBuilding.sqf','A3A_fnc_destroyBuilding'
115,'D:\\Dropbox\\hobby\\Modding\\Programs\\Github\\Foreign_Repos\\A3-Antistasi\\functions\\AI','fn_doFlank.sqf','A3A_fnc_doFlank'
116,'D:\\Dropbox\\hobby\\Modding\\Programs\\Github\\Foreign_Repos\\A3-Antistasi\\functions\\AI','fn_enemyList.sqf','A3A_fnc_enemyList'
117,'D:\\Dropbox\\hobby\\Modding\\Programs\\Github\\Foreign_Repos\\A3-Antistasi\\functions\\AI','fn_entriesLand.sqf','A3A_fnc_entriesLand'
118,'D:\\Dropbox\\hobby\\Modding\\Programs\\Github\\Foreign_Repos\\A3-Antistasi\\functions\\AI','fn_fastrope.sqf','A3A_fnc_fastrope'
119,'D:\\Dropbox\\hobby\\Modding\\Programs\\Github\\Foreign_Repos\\A3-Antistasi\\functions\\AI','fn_findSafeRoadToUnload.sqf','A3A_fnc_findSafeRoadToUnload'
120,'D:\\Dropbox\\hobby\\Modding\\Programs\\Github\\Foreign_Repos\\A3-Antistasi\\functions\\AI','fn_guardDog.sqf','A3A_fnc_guardDog'
121,'D:\\Dropbox\\hobby\\Modding\\Programs\\Github\\Foreign_Repos\\A3-Antistasi\\functions\\AI','fn_hasRadio.sqf','A3A_fnc_hasRadio'
122,'D:\\Dropbox\\hobby\\Modding\\Programs\\Github\\Foreign_Repos\\A3-Antistasi\\functions\\AI','fn_help.sqf','A3A_fnc_help'
123,'D:\\Dropbox\\hobby\\Modding\\Programs\\Github\\Foreign_Repos\\A3-Antistasi\\functions\\AI','fn_hideInBuilding.sqf','A3A_fnc_hideInBuilding'
124,'D:\\Dropbox\\hobby\\Modding\\Programs\\Github\\Foreign_Repos\\A3-Antistasi\\functions\\AI','fn_inmuneConvoy.sqf','A3A_fnc_inmuneConvoy'
125,'D:\\Dropbox\\hobby\\Modding\\Programs\\Github\\Foreign_Repos\\A3-Antistasi\\functions\\AI','fn_interrogate.sqf','A3A_fnc_interrogate'
126,'D:\\Dropbox\\hobby\\Modding\\Programs\\Github\\Foreign_Repos\\A3-Antistasi\\functions\\AI','fn_isBuildingPosition.sqf','A3A_fnc_isBuildingPosition'
127,'D:\\Dropbox\\hobby\\Modding\\Programs\\Github\\Foreign_Repos\\A3-Antistasi\\functions\\AI','fn_landThreatEval.sqf','A3A_fnc_landThreatEval'
128,'D:\\Dropbox\\hobby\\Modding\\Programs\\Github\\Foreign_Repos\\A3-Antistasi\\functions\\AI','fn_liberaterefugee.sqf','A3A_fnc_liberaterefugee'
129,'D:\\Dropbox\\hobby\\Modding\\Programs\\Github\\Foreign_Repos\\A3-Antistasi\\functions\\AI','fn_liberatePOW.sqf','A3A_fnc_liberatePOW'
130,'D:\\Dropbox\\hobby\\Modding\\Programs\\Github\\Foreign_Repos\\A3-Antistasi\\functions\\AI','fn_mineSweep.sqf','A3A_fnc_mineSweep'
131,'D:\\Dropbox\\hobby\\Modding\\Programs\\Github\\Foreign_Repos\\A3-Antistasi\\functions\\AI','fn_mortarDrill.sqf','A3A_fnc_mortarDrill'
132,'D:\\Dropbox\\hobby\\Modding\\Programs\\Github\\Foreign_Repos\\A3-Antistasi\\functions\\AI','fn_mortarSupport.sqf','A3A_fnc_mortarSupport'
133,'D:\\Dropbox\\hobby\\Modding\\Programs\\Github\\Foreign_Repos\\A3-Antistasi\\functions\\AI','fn_mortyAI.sqf','A3A_fnc_mortyAI'
134,'D:\\Dropbox\\hobby\\Modding\\Programs\\Github\\Foreign_Repos\\A3-Antistasi\\functions\\AI','fn_napalm.sqf','A3A_fnc_napalm'
135,'D:\\Dropbox\\hobby\\Modding\\Programs\\Github\\Foreign_Repos\\A3-Antistasi\\functions\\AI','fn_napalmDamage.sqf','A3A_fnc_napalmDamage'
136,'D:\\Dropbox\\hobby\\Modding\\Programs\\Github\\Foreign_Repos\\A3-Antistasi\\functions\\AI','fn_nearEnemy.sqf','A3A_fnc_nearEnemy'
137,'D:\\Dropbox\\hobby\\Modding\\Programs\\Github\\Foreign_Repos\\A3-Antistasi\\functions\\AI','fn_rearmCall.sqf','A3A_fnc_rearmCall'
138,'D:\\Dropbox\\hobby\\Modding\\Programs\\Github\\Foreign_Repos\\A3-Antistasi\\functions\\AI','fn_recallGroup.sqf','A3A_fnc_recallGroup'
139,'D:\\Dropbox\\hobby\\Modding\\Programs\\Github\\Foreign_Repos\\A3-Antistasi\\functions\\AI','fn_smokeCoverAuto.sqf','A3A_fnc_smokeCoverAuto'
140,'D:\\Dropbox\\hobby\\Modding\\Programs\\Github\\Foreign_Repos\\A3-Antistasi\\functions\\AI','fn_staticAutoT.sqf','A3A_fnc_staticAutoT'
141,'D:\\Dropbox\\hobby\\Modding\\Programs\\Github\\Foreign_Repos\\A3-Antistasi\\functions\\AI','fn_staticMGDrill.sqf','A3A_fnc_staticMGDrill'
142,'D:\\Dropbox\\hobby\\Modding\\Programs\\Github\\Foreign_Repos\\A3-Antistasi\\functions\\AI','fn_suppressingFire.sqf','A3A_fnc_suppressingFire'
143,'D:\\Dropbox\\hobby\\Modding\\Programs\\Github\\Foreign_Repos\\A3-Antistasi\\functions\\AI','fn_surrenderAction.sqf','A3A_fnc_surrenderAction'
144,'D:\\Dropbox\\hobby\\Modding\\Programs\\Github\\Foreign_Repos\\A3-Antistasi\\functions\\AI','fn_typeOfSoldier.sqf','A3A_fnc_typeOfSoldier'
145,'D:\\Dropbox\\hobby\\Modding\\Programs\\Github\\Foreign_Repos\\A3-Antistasi\\functions\\AI','fn_undercoverAI.sqf','A3A_fnc_undercoverAI'
146,'D:\\Dropbox\\hobby\\Modding\\Programs\\Github\\Foreign_Repos\\A3-Antistasi\\functions\\AI','fn_unitGetToCover.sqf','A3A_fnc_unitGetToCover'
147,'D:\\Dropbox\\hobby\\Modding\\Programs\\Github\\Foreign_Repos\\A3-Antistasi\\functions\\AI','fn_useFlares.sqf','A3A_fnc_useFlares'
148,'D:\\Dropbox\\hobby\\Modding\\Programs\\Github\\Foreign_Repos\\A3-Antistasi\\functions\\AI','fn_VANTinfo.sqf','A3A_fnc_VANTinfo'
149,'D:\\Dropbox\\hobby\\Modding\\Programs\\Github\\Foreign_Repos\\A3-Antistasi\\functions\\AI','fn_vehicleMarkers.sqf','A3A_fnc_vehicleMarkers'
150,'D:\\Dropbox\\hobby\\Modding\\Programs\\Github\\Foreign_Repos\\A3-Antistasi\\functions\\Convoy','fn_cleanConvoyMarker.sqf','A3A_fnc_cleanConvoyMarker'
151,'D:\\Dropbox\\hobby\\Modding\\Programs\\Github\\Foreign_Repos\\A3-Antistasi\\functions\\Convoy','fn_convoyDebug.sqf','A3A_fnc_convoyDebug'
152,'D:\\Dropbox\\hobby\\Modding\\Programs\\Github\\Foreign_Repos\\A3-Antistasi\\functions\\Convoy','fn_convoyMovement.sqf','A3A_fnc_convoyMovement'
153,'D:\\Dropbox\\hobby\\Modding\\Programs\\Github\\Foreign_Repos\\A3-Antistasi\\functions\\Convoy','fn_createAIAction.sqf','A3A_fnc_createAIAction'
154,'D:\\Dropbox\\hobby\\Modding\\Programs\\Github\\Foreign_Repos\\A3-Antistasi\\functions\\Convoy','fn_createConvoy.sqf','A3A_fnc_createConvoy'
155,'D:\\Dropbox\\hobby\\Modding\\Programs\\Github\\Foreign_Repos\\A3-Antistasi\\functions\\Convoy','fn_despawnConvoy.sqf','A3A_fnc_despawnConvoy'
156,'D:\\Dropbox\\hobby\\Modding\\Programs\\Github\\Foreign_Repos\\A3-Antistasi\\functions\\Convoy','fn_findAirportForAirstrike.sqf','A3A_fnc_findAirportForAirstrike'
157,'D:\\Dropbox\\hobby\\Modding\\Programs\\Github\\Foreign_Repos\\A3-Antistasi\\functions\\Convoy','fn_followVehicle.sqf','A3A_fnc_followVehicle'
158,'D:\\Dropbox\\hobby\\Modding\\Programs\\Github\\Foreign_Repos\\A3-Antistasi\\functions\\Convoy','fn_onConvoyArrival.sqf','A3A_fnc_onConvoyArrival'
159,'D:\\Dropbox\\hobby\\Modding\\Programs\\Github\\Foreign_Repos\\A3-Antistasi\\functions\\Convoy','fn_onSpawnedArrival.sqf','A3A_fnc_onSpawnedArrival'
160,'D:\\Dropbox\\hobby\\Modding\\Programs\\Github\\Foreign_Repos\\A3-Antistasi\\functions\\Convoy','fn_roadblockFight.sqf','A3A_fnc_roadblockFight'
161,'D:\\Dropbox\\hobby\\Modding\\Programs\\Github\\Foreign_Repos\\A3-Antistasi\\functions\\Convoy','fn_selectAndCreateVehicle.sqf','A3A_fnc_selectAndCreateVehicle'
162,'D:\\Dropbox\\hobby\\Modding\\Programs\\Github\\Foreign_Repos\\A3-Antistasi\\functions\\Convoy','fn_spawnConvoy.sqf','A3A_fnc_spawnConvoy'
163,'D:\\Dropbox\\hobby\\Modding\\Programs\\Github\\Foreign_Repos\\A3-Antistasi\\functions\\Convoy','fn_spawnConvoyLine.sqf','A3A_fnc_spawnConvoyLine'
164,'D:\\Dropbox\\hobby\\Modding\\Programs\\Github\\Foreign_Repos\\A3-Antistasi\\functions\\CREATE','fn_AAFroadPatrol.sqf','A3A_fnc_AAFroadPatrol'
165,'D:\\Dropbox\\hobby\\Modding\\Programs\\Github\\Foreign_Repos\\A3-Antistasi\\functions\\CREATE','fn_airportCanAttack.sqf','A3A_fnc_airportCanAttack'
166,'D:\\Dropbox\\hobby\\Modding\\Programs\\Github\\Foreign_Repos\\A3-Antistasi\\functions\\CREATE','fn_AIVEHinit.sqf','A3A_fnc_AIVEHinit'
167,'D:\\Dropbox\\hobby\\Modding\\Programs\\Github\\Foreign_Repos\\A3-Antistasi\\functions\\CREATE','fn_ambientCivs.sqf','A3A_fnc_ambientCivs'
168,'D:\\Dropbox\\hobby\\Modding\\Programs\\Github\\Foreign_Repos\\A3-Antistasi\\functions\\CREATE','fn_calculateMarkerArea.sqf','A3A_fnc_calculateMarkerArea'
169,'D:\\Dropbox\\hobby\\Modding\\Programs\\Github\\Foreign_Repos\\A3-Antistasi\\functions\\CREATE','fn_cargoSeats.sqf','A3A_fnc_cargoSeats'
170,'D:\\Dropbox\\hobby\\Modding\\Programs\\Github\\Foreign_Repos\\A3-Antistasi\\functions\\CREATE','fn_CIVinit.sqf','A3A_fnc_CIVinit'
171,'D:\\Dropbox\\hobby\\Modding\\Programs\\Github\\Foreign_Repos\\A3-Antistasi\\functions\\CREATE','fn_civVEHinit.sqf','A3A_fnc_civVEHinit'
172,'D:\\Dropbox\\hobby\\Modding\\Programs\\Github\\Foreign_Repos\\A3-Antistasi\\functions\\CREATE','fn_cleanserVeh.sqf','A3A_fnc_cleanserVeh'
173,'D:\\Dropbox\\hobby\\Modding\\Programs\\Github\\Foreign_Repos\\A3-Antistasi\\functions\\CREATE','fn_createAIAirplane.sqf','A3A_fnc_createAIAirplane'
174,'D:\\Dropbox\\hobby\\Modding\\Programs\\Github\\Foreign_Repos\\A3-Antistasi\\functions\\CREATE','fn_createAICities.sqf','A3A_fnc_createAICities'
175,'D:\\Dropbox\\hobby\\Modding\\Programs\\Github\\Foreign_Repos\\A3-Antistasi\\functions\\CREATE','fn_createAIcontrols.sqf','A3A_fnc_createAIcontrols'
176,'D:\\Dropbox\\hobby\\Modding\\Programs\\Github\\Foreign_Repos\\A3-Antistasi\\functions\\CREATE','fn_createAIOutposts.sqf','A3A_fnc_createAIOutposts'
177,'D:\\Dropbox\\hobby\\Modding\\Programs\\Github\\Foreign_Repos\\A3-Antistasi\\functions\\CREATE','fn_createAIResources.sqf','A3A_fnc_createAIResources'
178,'D:\\Dropbox\\hobby\\Modding\\Programs\\Github\\Foreign_Repos\\A3-Antistasi\\functions\\CREATE','fn_createAISite.sqf','A3A_fnc_createAISite'
179,'D:\\Dropbox\\hobby\\Modding\\Programs\\Github\\Foreign_Repos\\A3-Antistasi\\functions\\CREATE','fn_createCIV.sqf','A3A_fnc_createCIV'
180,'D:\\Dropbox\\hobby\\Modding\\Programs\\Github\\Foreign_Repos\\A3-Antistasi\\functions\\CREATE','fn_createFIAOutposts2.sqf','A3A_fnc_createFIAOutposts2'
181,'D:\\Dropbox\\hobby\\Modding\\Programs\\Github\\Foreign_Repos\\A3-Antistasi\\functions\\CREATE','fn_createSDKGarrisons.sqf','A3A_fnc_createSDKGarrisons'
182,'D:\\Dropbox\\hobby\\Modding\\Programs\\Github\\Foreign_Repos\\A3-Antistasi\\functions\\CREATE','fn_createSDKgarrisonsTemp.sqf','A3A_fnc_createSDKgarrisonsTemp'
183,'D:\\Dropbox\\hobby\\Modding\\Programs\\Github\\Foreign_Repos\\A3-Antistasi\\functions\\CREATE','fn_createUnit.sqf','A3A_fnc_createUnit'
184,'D:\\Dropbox\\hobby\\Modding\\Programs\\Github\\Foreign_Repos\\A3-Antistasi\\functions\\CREATE','fn_cycleSpawn.sqf','A3A_fnc_cycleSpawn'
185,'D:\\Dropbox\\hobby\\Modding\\Programs\\Github\\Foreign_Repos\\A3-Antistasi\\functions\\CREATE','fn_FIAinitBases.sqf','A3A_fnc_FIAinitBases'
186,'D:\\Dropbox\\hobby\\Modding\\Programs\\Github\\Foreign_Repos\\A3-Antistasi\\functions\\CREATE','fn_findSpawnPosition.sqf','A3A_fnc_findSpawnPosition'
187,'D:\\Dropbox\\hobby\\Modding\\Programs\\Github\\Foreign_Repos\\A3-Antistasi\\functions\\CREATE','fn_freeSpawnPositions.sqf','A3A_fnc_freeSpawnPositions'
188,'D:\\Dropbox\\hobby\\Modding\\Programs\\Github\\Foreign_Repos\\A3-Antistasi\\functions\\CREATE','fn_garrisonReorg.sqf','A3A_fnc_garrisonReorg'
189,'D:\\Dropbox\\hobby\\Modding\\Programs\\Github\\Foreign_Repos\\A3-Antistasi\\functions\\CREATE','fn_garrisonSize.sqf','A3A_fnc_garrisonSize'
190,'D:\\Dropbox\\hobby\\Modding\\Programs\\Github\\Foreign_Repos\\A3-Antistasi\\functions\\CREATE','fn_garrisonUpdate.sqf','A3A_fnc_garrisonUpdate'
191,'D:\\Dropbox\\hobby\\Modding\\Programs\\Github\\Foreign_Repos\\A3-Antistasi\\functions\\CREATE','fn_groupDespawner.sqf','A3A_fnc_groupDespawner'
192,'D:\\Dropbox\\hobby\\Modding\\Programs\\Github\\Foreign_Repos\\A3-Antistasi\\functions\\CREATE','fn_invaderPunish.sqf','A3A_fnc_invaderPunish'
193,'D:\\Dropbox\\hobby\\Modding\\Programs\\Github\\Foreign_Repos\\A3-Antistasi\\functions\\CREATE','fn_milBuildings.sqf','A3A_fnc_milBuildings'
194,'D:\\Dropbox\\hobby\\Modding\\Programs\\Github\\Foreign_Repos\\A3-Antistasi\\functions\\CREATE','fn_minefieldAAF.sqf','A3A_fnc_minefieldAAF'
195,'D:\\Dropbox\\hobby\\Modding\\Programs\\Github\\Foreign_Repos\\A3-Antistasi\\functions\\CREATE','fn_mortarPos.sqf','A3A_fnc_mortarPos'
196,'D:\\Dropbox\\hobby\\Modding\\Programs\\Github\\Foreign_Repos\\A3-Antistasi\\functions\\CREATE','fn_NATOinit.sqf','A3A_fnc_NATOinit'
197,'D:\\Dropbox\\hobby\\Modding\\Programs\\Github\\Foreign_Repos\\A3-Antistasi\\functions\\CREATE','fn_patrolCA.sqf','A3A_fnc_patrolCA'
198,'D:\\Dropbox\\hobby\\Modding\\Programs\\Github\\Foreign_Repos\\A3-Antistasi\\functions\\CREATE','fn_patrolReinf.sqf','A3A_fnc_patrolReinf'
199,'D:\\Dropbox\\hobby\\Modding\\Programs\\Github\\Foreign_Repos\\A3-Antistasi\\functions\\CREATE','fn_reinforcementsAI.sqf','A3A_fnc_reinforcementsAI'
200,'D:\\Dropbox\\hobby\\Modding\\Programs\\Github\\Foreign_Repos\\A3-Antistasi\\functions\\CREATE','fn_remoteBattle.sqf','A3A_fnc_remoteBattle'
201,'D:\\Dropbox\\hobby\\Modding\\Programs\\Github\\Foreign_Repos\\A3-Antistasi\\functions\\CREATE','fn_removeVehFromPool.sqf','A3A_fnc_removeVehFromPool'
202,'D:\\Dropbox\\hobby\\Modding\\Programs\\Github\\Foreign_Repos\\A3-Antistasi\\functions\\CREATE','fn_safeVehicleSpawn.sqf','A3A_fnc_safeVehicleSpawn'
203,'D:\\Dropbox\\hobby\\Modding\\Programs\\Github\\Foreign_Repos\\A3-Antistasi\\functions\\CREATE','fn_spawnGroup.sqf','A3A_fnc_spawnGroup'
204,'D:\\Dropbox\\hobby\\Modding\\Programs\\Github\\Foreign_Repos\\A3-Antistasi\\functions\\CREATE','fn_vehAvailable.sqf','A3A_fnc_vehAvailable'
205,'D:\\Dropbox\\hobby\\Modding\\Programs\\Github\\Foreign_Repos\\A3-Antistasi\\functions\\CREATE','fn_VEHdespawner.sqf','A3A_fnc_VEHdespawner'
206,'D:\\Dropbox\\hobby\\Modding\\Programs\\Github\\Foreign_Repos\\A3-Antistasi\\functions\\CREATE','fn_wavedCA.sqf','A3A_fnc_wavedCA'
207,'D:\\Dropbox\\hobby\\Modding\\Programs\\Github\\Foreign_Repos\\A3-Antistasi\\functions\\CREATE','fn_WPCreate.sqf','A3A_fnc_WPCreate'
208,'D:\\Dropbox\\hobby\\Modding\\Programs\\Github\\Foreign_Repos\\A3-Antistasi\\functions\\Debugging','fn_deleteEmptyGroupsOnSide.sqf','A3A_fnc_deleteEmptyGroupsOnSide'
209,'D:\\Dropbox\\hobby\\Modding\\Programs\\Github\\Foreign_Repos\\A3-Antistasi\\functions\\Debugging','fn_installSchrodingersBuildingFix.sqf','A3A_fnc_installSchrodingersBuildingFix'
210,'D:\\Dropbox\\hobby\\Modding\\Programs\\Github\\Foreign_Repos\\A3-Antistasi\\functions\\Debugging','fn_spawnDebuggingLoop.sqf','A3A_fnc_spawnDebuggingLoop'
211,'D:\\Dropbox\\hobby\\Modding\\Programs\\Github\\Foreign_Repos\\A3-Antistasi\\functions\\Dialogs','fn_buyVehicle.sqf','A3A_fnc_buyVehicle'
212,'D:\\Dropbox\\hobby\\Modding\\Programs\\Github\\Foreign_Repos\\A3-Antistasi\\functions\\Dialogs','fn_buyVehicleCiv.sqf','A3A_fnc_buyVehicleCiv'
213,'D:\\Dropbox\\hobby\\Modding\\Programs\\Github\\Foreign_Repos\\A3-Antistasi\\functions\\Dialogs','fn_clearForest.sqf','A3A_fnc_clearForest'
214,'D:\\Dropbox\\hobby\\Modding\\Programs\\Github\\Foreign_Repos\\A3-Antistasi\\functions\\Dialogs','fn_createDialog_setParams.sqf','A3A_fnc_createDialog_setParams'
215,'D:\\Dropbox\\hobby\\Modding\\Programs\\Github\\Foreign_Repos\\A3-Antistasi\\functions\\Dialogs','fn_createDialog_shouldLoadPersonalSave.sqf','A3A_fnc_createDialog_shouldLoadPersonalSave'
216,'D:\\Dropbox\\hobby\\Modding\\Programs\\Github\\Foreign_Repos\\A3-Antistasi\\functions\\Dialogs','fn_dialogHQ.sqf','A3A_fnc_dialogHQ'
217,'D:\\Dropbox\\hobby\\Modding\\Programs\\Github\\Foreign_Repos\\A3-Antistasi\\functions\\Dialogs','fn_fastTravelRadio.sqf','A3A_fnc_fastTravelRadio'
218,'D:\\Dropbox\\hobby\\Modding\\Programs\\Github\\Foreign_Repos\\A3-Antistasi\\functions\\Dialogs','fn_mineDialog.sqf','A3A_fnc_mineDialog'
219,'D:\\Dropbox\\hobby\\Modding\\Programs\\Github\\Foreign_Repos\\A3-Antistasi\\functions\\Dialogs','fn_moveHQObject.sqf','A3A_fnc_moveHQObject'
220,'D:\\Dropbox\\hobby\\Modding\\Programs\\Github\\Foreign_Repos\\A3-Antistasi\\functions\\Dialogs','fn_skiptime.sqf','A3A_fnc_skiptime'
221,'D:\\Dropbox\\hobby\\Modding\\Programs\\Github\\Foreign_Repos\\A3-Antistasi\\functions\\Dialogs','fn_squadOptions.sqf','A3A_fnc_squadOptions'
222,'D:\\Dropbox\\hobby\\Modding\\Programs\\Github\\Foreign_Repos\\A3-Antistasi\\functions\\Dialogs','fn_squadRecruit.sqf','A3A_fnc_squadRecruit'
223,'D:\\Dropbox\\hobby\\Modding\\Programs\\Github\\Foreign_Repos\\A3-Antistasi\\functions\\Dialogs','fn_unit_recruit.sqf','A3A_fnc_unit_recruit'
224,'D:\\Dropbox\\hobby\\Modding\\Programs\\Github\\Foreign_Repos\\A3-Antistasi\\functions\\Garage','fn_addToPersonalGarage.sqf','A3A_fnc_addToPersonalGarage'
225,'D:\\Dropbox\\hobby\\Modding\\Programs\\Github\\Foreign_Repos\\A3-Antistasi\\functions\\Garage','fn_addToPersonalGarageLocal.sqf','A3A_fnc_addToPersonalGarageLocal'
226,'D:\\Dropbox\\hobby\\Modding\\Programs\\Github\\Foreign_Repos\\A3-Antistasi\\functions\\Garage','fn_attemptPlaceVehicle.sqf','A3A_fnc_attemptPlaceVehicle'
227,'D:\\Dropbox\\hobby\\Modding\\Programs\\Github\\Foreign_Repos\\A3-Antistasi\\functions\\Garage','fn_displayVehiclePlacementMessage.sqf','A3A_fnc_displayVehiclePlacementMessage'
228,'D:\\Dropbox\\hobby\\Modding\\Programs\\Github\\Foreign_Repos\\A3-Antistasi\\functions\\Garage','fn_garage.sqf','A3A_fnc_garage'
229,'D:\\Dropbox\\hobby\\Modding\\Programs\\Github\\Foreign_Repos\\A3-Antistasi\\functions\\Garage','fn_garageVehicle.sqf','A3A_fnc_garageVehicle'
230,'D:\\Dropbox\\hobby\\Modding\\Programs\\Github\\Foreign_Repos\\A3-Antistasi\\functions\\Garage','fn_getPersonalGarage.sqf','A3A_fnc_getPersonalGarage'
231,'D:\\Dropbox\\hobby\\Modding\\Programs\\Github\\Foreign_Repos\\A3-Antistasi\\functions\\Garage','fn_getPersonalGarageLocal.sqf','A3A_fnc_getPersonalGarageLocal'
232,'D:\\Dropbox\\hobby\\Modding\\Programs\\Github\\Foreign_Repos\\A3-Antistasi\\functions\\Garage','fn_handleVehPlacementCancelled.sqf','A3A_fnc_handleVehPlacementCancelled'
233,'D:\\Dropbox\\hobby\\Modding\\Programs\\Github\\Foreign_Repos\\A3-Antistasi\\functions\\Garage','fn_placeEmptyVehicle.sqf','A3A_fnc_placeEmptyVehicle'
234,'D:\\Dropbox\\hobby\\Modding\\Programs\\Github\\Foreign_Repos\\A3-Antistasi\\functions\\Garage','fn_setPersonalGarage.sqf','A3A_fnc_setPersonalGarage'
235,'D:\\Dropbox\\hobby\\Modding\\Programs\\Github\\Foreign_Repos\\A3-Antistasi\\functions\\Garage','fn_setPersonalGarageLocal.sqf','A3A_fnc_setPersonalGarageLocal'
236,'D:\\Dropbox\\hobby\\Modding\\Programs\\Github\\Foreign_Repos\\A3-Antistasi\\functions\\Garage','fn_vehPlacementBegin.sqf','A3A_fnc_vehPlacementBegin'
237,'D:\\Dropbox\\hobby\\Modding\\Programs\\Github\\Foreign_Repos\\A3-Antistasi\\functions\\Garage','fn_vehPlacementCallbacks.sqf','A3A_fnc_vehPlacementCallbacks'
238,'D:\\Dropbox\\hobby\\Modding\\Programs\\Github\\Foreign_Repos\\A3-Antistasi\\functions\\Garage','fn_vehPlacementCancel.sqf','A3A_fnc_vehPlacementCancel'
239,'D:\\Dropbox\\hobby\\Modding\\Programs\\Github\\Foreign_Repos\\A3-Antistasi\\functions\\Garage','fn_vehPlacementChangeVehicle.sqf','A3A_fnc_vehPlacementChangeVehicle'
240,'D:\\Dropbox\\hobby\\Modding\\Programs\\Github\\Foreign_Repos\\A3-Antistasi\\functions\\Garage','fn_vehPlacementCleanup.sqf','A3A_fnc_vehPlacementCleanup'
241,'D:\\Dropbox\\hobby\\Modding\\Programs\\Github\\Foreign_Repos\\A3-Antistasi\\functions\\Garrison','fn_addGarrison.sqf','A3A_fnc_addGarrison'
242,'D:\\Dropbox\\hobby\\Modding\\Programs\\Github\\Foreign_Repos\\A3-Antistasi\\functions\\Garrison','fn_addRequested.sqf','A3A_fnc_addRequested'
243,'D:\\Dropbox\\hobby\\Modding\\Programs\\Github\\Foreign_Repos\\A3-Antistasi\\functions\\Garrison','fn_checkGroupType.sqf','A3A_fnc_checkGroupType'
244,'D:\\Dropbox\\hobby\\Modding\\Programs\\Github\\Foreign_Repos\\A3-Antistasi\\functions\\Garrison','fn_checkVehicleType.sqf','A3A_fnc_checkVehicleType'
245,'D:\\Dropbox\\hobby\\Modding\\Programs\\Github\\Foreign_Repos\\A3-Antistasi\\functions\\Garrison','fn_countGarrison.sqf','A3A_fnc_countGarrison'
246,'D:\\Dropbox\\hobby\\Modding\\Programs\\Github\\Foreign_Repos\\A3-Antistasi\\functions\\Garrison','fn_createGarrison.sqf','A3A_fnc_createGarrison'
247,'D:\\Dropbox\\hobby\\Modding\\Programs\\Github\\Foreign_Repos\\A3-Antistasi\\functions\\Garrison','fn_createGarrisonLine.sqf','A3A_fnc_createGarrisonLine'
248,'D:\\Dropbox\\hobby\\Modding\\Programs\\Github\\Foreign_Repos\\A3-Antistasi\\functions\\Garrison','fn_getGarrison.sqf','A3A_fnc_getGarrison'
249,'D:\\Dropbox\\hobby\\Modding\\Programs\\Github\\Foreign_Repos\\A3-Antistasi\\functions\\Garrison','fn_getGarrisonRatio.sqf','A3A_fnc_getGarrisonRatio'
250,'D:\\Dropbox\\hobby\\Modding\\Programs\\Github\\Foreign_Repos\\A3-Antistasi\\functions\\Garrison','fn_getGarrisonStatus.sqf','A3A_fnc_getGarrisonStatus'
251,'D:\\Dropbox\\hobby\\Modding\\Programs\\Github\\Foreign_Repos\\A3-Antistasi\\functions\\Garrison','fn_getRequested.sqf','A3A_fnc_getRequested'
252,'D:\\Dropbox\\hobby\\Modding\\Programs\\Github\\Foreign_Repos\\A3-Antistasi\\functions\\Garrison','fn_getVehicleCrew.sqf','A3A_fnc_getVehicleCrew'
253,'D:\\Dropbox\\hobby\\Modding\\Programs\\Github\\Foreign_Repos\\A3-Antistasi\\functions\\Garrison','fn_initPreference.sqf','A3A_fnc_initPreference'
254,'D:\\Dropbox\\hobby\\Modding\\Programs\\Github\\Foreign_Repos\\A3-Antistasi\\functions\\Garrison','fn_logArray.sqf','A3A_fnc_logArray'
255,'D:\\Dropbox\\hobby\\Modding\\Programs\\Github\\Foreign_Repos\\A3-Antistasi\\functions\\Garrison','fn_replenishGarrison.sqf','A3A_fnc_replenishGarrison'
256,'D:\\Dropbox\\hobby\\Modding\\Programs\\Github\\Foreign_Repos\\A3-Antistasi\\functions\\Garrison','fn_selectGroupType.sqf','A3A_fnc_selectGroupType'
257,'D:\\Dropbox\\hobby\\Modding\\Programs\\Github\\Foreign_Repos\\A3-Antistasi\\functions\\Garrison','fn_selectReinfUnits.sqf','A3A_fnc_selectReinfUnits'
258,'D:\\Dropbox\\hobby\\Modding\\Programs\\Github\\Foreign_Repos\\A3-Antistasi\\functions\\Garrison','fn_selectVehicleType.sqf','A3A_fnc_selectVehicleType'
259,'D:\\Dropbox\\hobby\\Modding\\Programs\\Github\\Foreign_Repos\\A3-Antistasi\\functions\\Garrison','fn_shouldReinforce.sqf','A3A_fnc_shouldReinforce'
260,'D:\\Dropbox\\hobby\\Modding\\Programs\\Github\\Foreign_Repos\\A3-Antistasi\\functions\\Garrison','fn_updateGarrison.sqf','A3A_fnc_updateGarrison'
261,'D:\\Dropbox\\hobby\\Modding\\Programs\\Github\\Foreign_Repos\\A3-Antistasi\\functions\\Garrison','fn_updatePreference.sqf','A3A_fnc_updatePreference'
262,'D:\\Dropbox\\hobby\\Modding\\Programs\\Github\\Foreign_Repos\\A3-Antistasi\\functions\\Garrison','fn_updateReinfState.sqf','A3A_fnc_updateReinfState'
263,'D:\\Dropbox\\hobby\\Modding\\Programs\\Github\\Foreign_Repos\\A3-Antistasi\\functions\\Garrison','fn_updateVehicles.sqf','A3A_fnc_updateVehicles'
264,'D:\\Dropbox\\hobby\\Modding\\Programs\\Github\\Foreign_Repos\\A3-Antistasi\\functions\\Intel','fn_getVehicleIntel.sqf','A3A_fnc_getVehicleIntel'
265,'D:\\Dropbox\\hobby\\Modding\\Programs\\Github\\Foreign_Repos\\A3-Antistasi\\functions\\Intel','fn_placeIntel.sqf','A3A_fnc_placeIntel'
266,'D:\\Dropbox\\hobby\\Modding\\Programs\\Github\\Foreign_Repos\\A3-Antistasi\\functions\\Intel','fn_searchIntelOnDocument.sqf','A3A_fnc_searchIntelOnDocument'
267,'D:\\Dropbox\\hobby\\Modding\\Programs\\Github\\Foreign_Repos\\A3-Antistasi\\functions\\Intel','fn_searchIntelOnLaptop.sqf','A3A_fnc_searchIntelOnLaptop'
268,'D:\\Dropbox\\hobby\\Modding\\Programs\\Github\\Foreign_Repos\\A3-Antistasi\\functions\\Intel','fn_searchIntelOnLeader.sqf','A3A_fnc_searchIntelOnLeader'
269,'D:\\Dropbox\\hobby\\Modding\\Programs\\Github\\Foreign_Repos\\A3-Antistasi\\functions\\Intel','fn_selectIntel.sqf','A3A_fnc_selectIntel'
270,'D:\\Dropbox\\hobby\\Modding\\Programs\\Github\\Foreign_Repos\\A3-Antistasi\\functions\\Intel','fn_showIntel.sqf','A3A_fnc_showIntel'
271,'D:\\Dropbox\\hobby\\Modding\\Programs\\Github\\Foreign_Repos\\A3-Antistasi\\functions\\Missions','fn_AS_Official.sqf','A3A_fnc_AS_Official'
272,'D:\\Dropbox\\hobby\\Modding\\Programs\\Github\\Foreign_Repos\\A3-Antistasi\\functions\\Missions','fn_AS_specOP.sqf','A3A_fnc_AS_specOP'
273,'D:\\Dropbox\\hobby\\Modding\\Programs\\Github\\Foreign_Repos\\A3-Antistasi\\functions\\Missions','fn_AS_Traitor.sqf','A3A_fnc_AS_Traitor'
274,'D:\\Dropbox\\hobby\\Modding\\Programs\\Github\\Foreign_Repos\\A3-Antistasi\\functions\\Missions','fn_attackHQ.sqf','A3A_fnc_attackHQ'
275,'D:\\Dropbox\\hobby\\Modding\\Programs\\Github\\Foreign_Repos\\A3-Antistasi\\functions\\Missions','fn_CON_Outpost.sqf','A3A_fnc_CON_Outpost'
276,'D:\\Dropbox\\hobby\\Modding\\Programs\\Github\\Foreign_Repos\\A3-Antistasi\\functions\\Missions','fn_convoy.sqf','A3A_fnc_convoy'
277,'D:\\Dropbox\\hobby\\Modding\\Programs\\Github\\Foreign_Repos\\A3-Antistasi\\functions\\Missions','fn_deleteTask.sqf','A3A_fnc_deleteTask'
278,'D:\\Dropbox\\hobby\\Modding\\Programs\\Github\\Foreign_Repos\\A3-Antistasi\\functions\\Missions','fn_DES_Antenna.sqf','A3A_fnc_DES_Antenna'
279,'D:\\Dropbox\\hobby\\Modding\\Programs\\Github\\Foreign_Repos\\A3-Antistasi\\functions\\Missions','fn_DES_Heli.sqf','A3A_fnc_DES_Heli'
280,'D:\\Dropbox\\hobby\\Modding\\Programs\\Github\\Foreign_Repos\\A3-Antistasi\\functions\\Missions','fn_DES_Vehicle.sqf','A3A_fnc_DES_Vehicle'
281,'D:\\Dropbox\\hobby\\Modding\\Programs\\Github\\Foreign_Repos\\A3-Antistasi\\functions\\Missions','fn_LOG_Ammo.sqf','A3A_fnc_LOG_Ammo'
282,'D:\\Dropbox\\hobby\\Modding\\Programs\\Github\\Foreign_Repos\\A3-Antistasi\\functions\\Missions','fn_LOG_Bank.sqf','A3A_fnc_LOG_Bank'
283,'D:\\Dropbox\\hobby\\Modding\\Programs\\Github\\Foreign_Repos\\A3-Antistasi\\functions\\Missions','fn_LOG_Supplies.sqf','A3A_fnc_LOG_Supplies'
284,'D:\\Dropbox\\hobby\\Modding\\Programs\\Github\\Foreign_Repos\\A3-Antistasi\\functions\\Missions','fn_LOG_Salvage.sqf','A3A_fnc_LOG_Salvage'
285,'D:\\Dropbox\\hobby\\Modding\\Programs\\Github\\Foreign_Repos\\A3-Antistasi\\functions\\Missions','fn_missionRequest.sqf','A3A_fnc_missionRequest'
286,'D:\\Dropbox\\hobby\\Modding\\Programs\\Github\\Foreign_Repos\\A3-Antistasi\\functions\\Missions','fn_missionRequestAUTO.sqf','A3A_fnc_missionRequestAUTO'
287,'D:\\Dropbox\\hobby\\Modding\\Programs\\Github\\Foreign_Repos\\A3-Antistasi\\functions\\Missions','fn_REP_Antenna.sqf','A3A_fnc_REP_Antenna'
288,'D:\\Dropbox\\hobby\\Modding\\Programs\\Github\\Foreign_Repos\\A3-Antistasi\\functions\\Missions','fn_RES_Prisoners.sqf','A3A_fnc_RES_Prisoners'
289,'D:\\Dropbox\\hobby\\Modding\\Programs\\Github\\Foreign_Repos\\A3-Antistasi\\functions\\Missions','fn_RES_Refugees.sqf','A3A_fnc_RES_Refugees'
290,'D:\\Dropbox\\hobby\\Modding\\Programs\\Github\\Foreign_Repos\\A3-Antistasi\\functions\\Missions','fn_taskUpdate.sqf','A3A_fnc_taskUpdate'
291,'D:\\Dropbox\\hobby\\Modding\\Programs\\Github\\Foreign_Repos\\A3-Antistasi\\functions\\Missions','fn_underAttack.sqf','A3A_fnc_underAttack'
292,'D:\\Dropbox\\hobby\\Modding\\Programs\\Github\\Foreign_Repos\\A3-Antistasi\\functions\\ModsAndDLC','fn_getModOfConfigClass.sqf','A3A_fnc_getModOfConfigClass'
293,'D:\\Dropbox\\hobby\\Modding\\Programs\\Github\\Foreign_Repos\\A3-Antistasi\\functions\\ModsAndDLC','fn_initDisabledMods.sqf','A3A_fnc_initDisabledMods'
294,'D:\\Dropbox\\hobby\\Modding\\Programs\\Github\\Foreign_Repos\\A3-Antistasi\\functions\\ModsAndDLC','fn_isModNameVanilla.sqf','A3A_fnc_isModNameVanilla'
295,'D:\\Dropbox\\hobby\\Modding\\Programs\\Github\\Foreign_Repos\\A3-Antistasi\\functions\\Ammunition','fn_ACEpvpReDress.sqf','A3A_fnc_ACEpvpReDress'
296,'D:\\Dropbox\\hobby\\Modding\\Programs\\Github\\Foreign_Repos\\A3-Antistasi\\functions\\Ammunition','fn_ammunitionTransfer.sqf','A3A_fnc_ammunitionTransfer'
297,'D:\\Dropbox\\hobby\\Modding\\Programs\\Github\\Foreign_Repos\\A3-Antistasi\\functions\\Ammunition','fn_arsenalManage.sqf','A3A_fnc_arsenalManage'
298,'D:\\Dropbox\\hobby\\Modding\\Programs\\Github\\Foreign_Repos\\A3-Antistasi\\functions\\Ammunition','fn_categoryOverrides.sqf','A3A_fnc_categoryOverrides'
299,'D:\\Dropbox\\hobby\\Modding\\Programs\\Github\\Foreign_Repos\\A3-Antistasi\\functions\\Ammunition','fn_checkRadiosUnlocked.sqf','A3A_fnc_checkRadiosUnlocked'
300,'D:\\Dropbox\\hobby\\Modding\\Programs\\Github\\Foreign_Repos\\A3-Antistasi\\functions\\Ammunition','fn_configSort.sqf','A3A_fnc_configSort'
301,'D:\\Dropbox\\hobby\\Modding\\Programs\\Github\\Foreign_Repos\\A3-Antistasi\\functions\\Ammunition','fn_crateLootParams.sqf','A3A_fnc_crateLootParams'
302,'D:\\Dropbox\\hobby\\Modding\\Programs\\Github\\Foreign_Repos\\A3-Antistasi\\functions\\Ammunition','fn_dress.sqf','A3A_fnc_dress'
303,'D:\\Dropbox\\hobby\\Modding\\Programs\\Github\\Foreign_Repos\\A3-Antistasi\\functions\\Ammunition','fn_empty.sqf','A3A_fnc_empty'
304,'D:\\Dropbox\\hobby\\Modding\\Programs\\Github\\Foreign_Repos\\A3-Antistasi\\functions\\Ammunition','fn_equipmentClassToCategories.sqf','A3A_fnc_equipmentClassToCategories'
305,'D:\\Dropbox\\hobby\\Modding\\Programs\\Github\\Foreign_Repos\\A3-Antistasi\\functions\\Ammunition','fn_equipmentIsValidForCurrentModset.sqf','A3A_fnc_equipmentIsValidForCurrentModset'
306,'D:\\Dropbox\\hobby\\Modding\\Programs\\Github\\Foreign_Repos\\A3-Antistasi\\functions\\Ammunition','fn_equipmentSort.sqf','A3A_fnc_equipmentSort'
307,'D:\\Dropbox\\hobby\\Modding\\Programs\\Github\\Foreign_Repos\\A3-Antistasi\\functions\\Ammunition','fn_fillLootCrate.sqf','A3A_fnc_fillLootCrate'
308,'D:\\Dropbox\\hobby\\Modding\\Programs\\Github\\Foreign_Repos\\A3-Antistasi\\functions\\Ammunition','fn_getRadio.sqf','A3A_fnc_getRadio'
309,'D:\\Dropbox\\hobby\\Modding\\Programs\\Github\\Foreign_Repos\\A3-Antistasi\\functions\\Ammunition','fn_itemSort.sqf','A3A_fnc_itemSort'
310,'D:\\Dropbox\\hobby\\Modding\\Programs\\Github\\Foreign_Repos\\A3-Antistasi\\functions\\Ammunition','fn_itemType.sqf','A3A_fnc_itemType'
311,'D:\\Dropbox\\hobby\\Modding\\Programs\\Github\\Foreign_Repos\\A3-Antistasi\\functions\\Ammunition','fn_launcherInfo.sqf','A3A_fnc_launcherInfo'
312,'D:\\Dropbox\\hobby\\Modding\\Programs\\Github\\Foreign_Repos\\A3-Antistasi\\functions\\Ammunition','fn_loot.sqf','A3A_fnc_loot'
313,'D:\\Dropbox\\hobby\\Modding\\Programs\\Github\\Foreign_Repos\\A3-Antistasi\\functions\\Ammunition','fn_randomRifle.sqf','A3A_fnc_randomRifle'
314,'D:\\Dropbox\\hobby\\Modding\\Programs\\Github\\Foreign_Repos\\A3-Antistasi\\functions\\Ammunition','fn_transfer.sqf','A3A_fnc_transfer'
315,'D:\\Dropbox\\hobby\\Modding\\Programs\\Github\\Foreign_Repos\\A3-Antistasi\\functions\\Ammunition','fn_unlockEquipment.sqf','A3A_fnc_unlockEquipment'
316,'D:\\Dropbox\\hobby\\Modding\\Programs\\Github\\Foreign_Repos\\A3-Antistasi\\functions\\Ammunition','fn_vehicleSort.sqf','A3A_fnc_vehicleSort'
317,'D:\\Dropbox\\hobby\\Modding\\Programs\\Github\\Foreign_Repos\\A3-Antistasi\\functions\\OrgPlayers','fn_donateMoney.sqf','A3A_fnc_donateMoney'
318,'D:\\Dropbox\\hobby\\Modding\\Programs\\Github\\Foreign_Repos\\A3-Antistasi\\functions\\OrgPlayers','fn_isMember.sqf','A3A_fnc_isMember'
319,'D:\\Dropbox\\hobby\\Modding\\Programs\\Github\\Foreign_Repos\\A3-Antistasi\\functions\\OrgPlayers','fn_makePlayerBossIfEligible.sqf','A3A_fnc_makePlayerBossIfEligible'
320,'D:\\Dropbox\\hobby\\Modding\\Programs\\Github\\Foreign_Repos\\A3-Antistasi\\functions\\OrgPlayers','fn_memberAdd.sqf','A3A_fnc_memberAdd'
321,'D:\\Dropbox\\hobby\\Modding\\Programs\\Github\\Foreign_Repos\\A3-Antistasi\\functions\\OrgPlayers','fn_membersList.sqf','A3A_fnc_membersList'
322,'D:\\Dropbox\\hobby\\Modding\\Programs\\Github\\Foreign_Repos\\A3-Antistasi\\functions\\OrgPlayers','fn_playerScoreAdd.sqf','A3A_fnc_playerScoreAdd'
323,'D:\\Dropbox\\hobby\\Modding\\Programs\\Github\\Foreign_Repos\\A3-Antistasi\\functions\\OrgPlayers','fn_promotePlayer.sqf','A3A_fnc_promotePlayer'
324,'D:\\Dropbox\\hobby\\Modding\\Programs\\Github\\Foreign_Repos\\A3-Antistasi\\functions\\OrgPlayers','fn_ranksMP.sqf','A3A_fnc_ranksMP'
325,'D:\\Dropbox\\hobby\\Modding\\Programs\\Github\\Foreign_Repos\\A3-Antistasi\\functions\\OrgPlayers','fn_resourcesPlayer.sqf','A3A_fnc_resourcesPlayer'
326,'D:\\Dropbox\\hobby\\Modding\\Programs\\Github\\Foreign_Repos\\A3-Antistasi\\functions\\OrgPlayers','fn_theBossToggleEligibility.sqf','A3A_fnc_theBossToggleEligibility'
327,'D:\\Dropbox\\hobby\\Modding\\Programs\\Github\\Foreign_Repos\\A3-Antistasi\\functions\\OrgPlayers','fn_theBossTransfer.sqf','A3A_fnc_theBossTransfer'
328,'D:\\Dropbox\\hobby\\Modding\\Programs\\Github\\Foreign_Repos\\A3-Antistasi\\functions\\OrgPlayers','fn_theBossSteal.sqf','A3A_fnc_theBossSteal'
329,'D:\\Dropbox\\hobby\\Modding\\Programs\\Github\\Foreign_Repos\\A3-Antistasi\\functions\\OrgPlayers','fn_assignBossIfNone.sqf','A3A_fnc_assignBossIfNone'
330,'D:\\Dropbox\\hobby\\Modding\\Programs\\Github\\Foreign_Repos\\A3-Antistasi\\functions\\OrgPlayers','fn_tierCheck.sqf','A3A_fnc_tierCheck'
331,'D:\\Dropbox\\hobby\\Modding\\Programs\\Github\\Foreign_Repos\\A3-Antistasi\\functions\\Pathfinding','fn_findPath.sqf','A3A_fnc_findPath'
332,'D:\\Dropbox\\hobby\\Modding\\Programs\\Github\\Foreign_Repos\\A3-Antistasi\\functions\\Pathfinding','fn_loadNavGrid.sqf','A3A_fnc_loadNavGrid'
333,'D:\\Dropbox\\hobby\\Modding\\Programs\\Github\\Foreign_Repos\\A3-Antistasi\\functions\\Pathfinding','fn_calculateH.sqf','A3A_fnc_calculateH'
334,'D:\\Dropbox\\hobby\\Modding\\Programs\\Github\\Foreign_Repos\\A3-Antistasi\\functions\\Pathfinding','fn_findNearestNavPoint.sqf','A3A_fnc_findNearestNavPoint'
335,'D:\\Dropbox\\hobby\\Modding\\Programs\\Github\\Foreign_Repos\\A3-Antistasi\\functions\\Pathfinding','fn_getClosestMainMarker.sqf','A3A_fnc_getClosestMainMarker'
336,'D:\\Dropbox\\hobby\\Modding\\Programs\\Github\\Foreign_Repos\\A3-Antistasi\\functions\\Pathfinding','fn_getMainMarkers.sqf','A3A_fnc_getMainMarkers'
337,'D:\\Dropbox\\hobby\\Modding\\Programs\\Github\\Foreign_Repos\\A3-Antistasi\\functions\\Pathfinding','fn_getNavConnections.sqf','A3A_fnc_getNavConnections'
338,'D:\\Dropbox\\hobby\\Modding\\Programs\\Github\\Foreign_Repos\\A3-Antistasi\\functions\\Pathfinding','fn_getNavPos.sqf','A3A_fnc_getNavPos'
339,'D:\\Dropbox\\hobby\\Modding\\Programs\\Github\\Foreign_Repos\\A3-Antistasi\\functions\\Pathfinding','fn_setNavOnMarker.sqf','A3A_fnc_setNavOnMarker'
340,'D:\\Dropbox\\hobby\\Modding\\Programs\\Github\\Foreign_Repos\\A3-Antistasi\\functions\\Punishment','fn_punishment.sqf','A3A_fnc_punishment'
341,'D:\\Dropbox\\hobby\\Modding\\Programs\\Github\\Foreign_Repos\\A3-Antistasi\\functions\\Punishment','fn_punishment_addActionForgive.sqf','A3A_fnc_punishment_addActionForgive'
342,'D:\\Dropbox\\hobby\\Modding\\Programs\\Github\\Foreign_Repos\\A3-Antistasi\\functions\\Punishment','fn_punishment_notifyAdmin.sqf','A3A_fnc_punishment_notifyAdmin'
343,'D:\\Dropbox\\hobby\\Modding\\Programs\\Github\\Foreign_Repos\\A3-Antistasi\\functions\\Punishment','fn_punishment_notifyAllAdmins.sqf','A3A_fnc_punishment_notifyAllAdmins'
344,'D:\\Dropbox\\hobby\\Modding\\Programs\\Github\\Foreign_Repos\\A3-Antistasi\\functions\\Punishment','fn_punishment_release.sqf','A3A_fnc_punishment_release'
345,'D:\\Dropbox\\hobby\\Modding\\Programs\\Github\\Foreign_Repos\\A3-Antistasi\\functions\\Punishment','fn_punishment_sentence.sqf','A3A_fnc_punishment_sentence'
346,'D:\\Dropbox\\hobby\\Modding\\Programs\\Github\\Foreign_Repos\\A3-Antistasi\\functions\\Punishment','fn_punishment_warden.sqf','A3A_fnc_punishment_warden'
347,'D:\\Dropbox\\hobby\\Modding\\Programs\\Github\\Foreign_Repos\\A3-Antistasi\\functions\\pvp','fn_pvpCheck.sqf','A3A_fnc_pvpCheck'
348,'D:\\Dropbox\\hobby\\Modding\\Programs\\Github\\Foreign_Repos\\A3-Antistasi\\functions\\pvp','fn_playerHasBeenPvPCheck.sqf','A3A_fnc_playerHasBeenPvPCheck'
349,'D:\\Dropbox\\hobby\\Modding\\Programs\\Github\\Foreign_Repos\\A3-Antistasi\\functions\\REINF','fn_addBombRun.sqf','A3A_fnc_addBombRun'
350,'D:\\Dropbox\\hobby\\Modding\\Programs\\Github\\Foreign_Repos\\A3-Antistasi\\functions\\REINF','fn_addFIAsquadHC.sqf','A3A_fnc_addFIAsquadHC'
351,'D:\\Dropbox\\hobby\\Modding\\Programs\\Github\\Foreign_Repos\\A3-Antistasi\\functions\\REINF','fn_addFIAveh.sqf','A3A_fnc_addFIAveh'
352,'D:\\Dropbox\\hobby\\Modding\\Programs\\Github\\Foreign_Repos\\A3-Antistasi\\functions\\REINF','fn_addSquadVeh.sqf','A3A_fnc_addSquadVeh'
353,'D:\\Dropbox\\hobby\\Modding\\Programs\\Github\\Foreign_Repos\\A3-Antistasi\\functions\\REINF','fn_autoGarrison.sqf','A3A_fnc_autoGarrison'
354,'D:\\Dropbox\\hobby\\Modding\\Programs\\Github\\Foreign_Repos\\A3-Antistasi\\functions\\REINF','fn_build.sqf','A3A_fnc_build'
355,'D:\\Dropbox\\hobby\\Modding\\Programs\\Github\\Foreign_Repos\\A3-Antistasi\\functions\\REINF','fn_buildCreateVehicleCallback.sqf','A3A_fnc_buildCreateVehicleCallback'
356,'D:\\Dropbox\\hobby\\Modding\\Programs\\Github\\Foreign_Repos\\A3-Antistasi\\functions\\REINF','fn_buildMinefield.sqf','A3A_fnc_buildMinefield'
357,'D:\\Dropbox\\hobby\\Modding\\Programs\\Github\\Foreign_Repos\\A3-Antistasi\\functions\\REINF','fn_enemyNearCheck.sqf','A3A_fnc_enemyNearCheck'
358,'D:\\Dropbox\\hobby\\Modding\\Programs\\Github\\Foreign_Repos\\A3-Antistasi\\functions\\REINF','fn_equipRebel.sqf','A3A_fnc_equipRebel'
359,'D:\\Dropbox\\hobby\\Modding\\Programs\\Github\\Foreign_Repos\\A3-Antistasi\\functions\\REINF','fn_FIAinit.sqf','A3A_fnc_FIAinit'
360,'D:\\Dropbox\\hobby\\Modding\\Programs\\Github\\Foreign_Repos\\A3-Antistasi\\functions\\REINF','fn_FIAskillAdd.sqf','A3A_fnc_FIAskillAdd'
361,'D:\\Dropbox\\hobby\\Modding\\Programs\\Github\\Foreign_Repos\\A3-Antistasi\\functions\\REINF','fn_garrisonAdd.sqf','A3A_fnc_garrisonAdd'
362,'D:\\Dropbox\\hobby\\Modding\\Programs\\Github\\Foreign_Repos\\A3-Antistasi\\functions\\REINF','fn_garrisonDialog.sqf','A3A_fnc_garrisonDialog'
363,'D:\\Dropbox\\hobby\\Modding\\Programs\\Github\\Foreign_Repos\\A3-Antistasi\\functions\\REINF','fn_NATObomb.sqf','A3A_fnc_NATObomb'
364,'D:\\Dropbox\\hobby\\Modding\\Programs\\Github\\Foreign_Repos\\A3-Antistasi\\functions\\REINF','fn_NATOQuadbike.sqf','A3A_fnc_NATOQuadbike'
365,'D:\\Dropbox\\hobby\\Modding\\Programs\\Github\\Foreign_Repos\\A3-Antistasi\\functions\\REINF','fn_postmortem.sqf','A3A_fnc_postmortem'
366,'D:\\Dropbox\\hobby\\Modding\\Programs\\Github\\Foreign_Repos\\A3-Antistasi\\functions\\REINF','fn_reDress.sqf','A3A_fnc_reDress'
367,'D:\\Dropbox\\hobby\\Modding\\Programs\\Github\\Foreign_Repos\\A3-Antistasi\\functions\\REINF','fn_reinfPlayer.sqf','A3A_fnc_reinfPlayer'
368,'D:\\Dropbox\\hobby\\Modding\\Programs\\Github\\Foreign_Repos\\A3-Antistasi\\functions\\REINF','fn_stealStatic.sqf','A3A_fnc_stealStatic'
369,'D:\\Dropbox\\hobby\\Modding\\Programs\\Github\\Foreign_Repos\\A3-Antistasi\\functions\\REINF','fn_vehiclePrice.sqf','A3A_fnc_vehiclePrice'
370,'D:\\Dropbox\\hobby\\Modding\\Programs\\Github\\Foreign_Repos\\A3-Antistasi\\functions\\REINF','fn_vehStats.sqf','A3A_fnc_vehStats'
371,'D:\\Dropbox\\hobby\\Modding\\Programs\\Github\\Foreign_Repos\\A3-Antistasi\\functions\\Revive','fn_actionRevive.sqf','A3A_fnc_actionRevive'
372,'D:\\Dropbox\\hobby\\Modding\\Programs\\Github\\Foreign_Repos\\A3-Antistasi\\functions\\Revive','fn_carry.sqf','A3A_fnc_carry'
373,'D:\\Dropbox\\hobby\\Modding\\Programs\\Github\\Foreign_Repos\\A3-Antistasi\\functions\\Revive','fn_fatalWound.sqf','A3A_fnc_fatalWound'
374,'D:\\Dropbox\\hobby\\Modding\\Programs\\Github\\Foreign_Repos\\A3-Antistasi\\functions\\Revive','fn_handleDamage.sqf','A3A_fnc_handleDamage'
375,'D:\\Dropbox\\hobby\\Modding\\Programs\\Github\\Foreign_Repos\\A3-Antistasi\\functions\\Revive','fn_handleDamageAAF.sqf','A3A_fnc_handleDamageAAF'
376,'D:\\Dropbox\\hobby\\Modding\\Programs\\Github\\Foreign_Repos\\A3-Antistasi\\functions\\Revive','fn_initRevive.sqf','A3A_fnc_initRevive'
377,'D:\\Dropbox\\hobby\\Modding\\Programs\\Github\\Foreign_Repos\\A3-Antistasi\\functions\\Revive','fn_isMedic.sqf','A3A_fnc_isMedic'
378,'D:\\Dropbox\\hobby\\Modding\\Programs\\Github\\Foreign_Repos\\A3-Antistasi\\functions\\Revive','fn_respawn.sqf','A3A_fnc_respawn'
379,'D:\\Dropbox\\hobby\\Modding\\Programs\\Github\\Foreign_Repos\\A3-Antistasi\\functions\\Revive','fn_unconscious.sqf','A3A_fnc_unconscious'
380,'D:\\Dropbox\\hobby\\Modding\\Programs\\Github\\Foreign_Repos\\A3-Antistasi\\functions\\Revive','fn_unconsciousAAF.sqf','A3A_fnc_unconsciousAAF'
381,'D:\\Dropbox\\hobby\\Modding\\Programs\\Github\\Foreign_Repos\\A3-Antistasi\\functions\\Runways','fn_getRunwayTakeoffForAirportMarker.sqf','A3A_fnc_getRunwayTakeoffForAirportMarker'
382,'D:\\Dropbox\\hobby\\Modding\\Programs\\Github\\Foreign_Repos\\A3-Antistasi\\functions\\Runways','fn_runwayInfo.sqf','A3A_fnc_runwayInfo'
383,'D:\\Dropbox\\hobby\\Modding\\Programs\\Github\\Foreign_Repos\\A3-Antistasi\\functions\\SalvageRope','fn_SalvageRope.sqf','A3A_fnc_SalvageRope'
384,'D:\\Dropbox\\hobby\\Modding\\Programs\\Github\\Foreign_Repos\\A3-Antistasi\\functions\\Save','fn_loadPlayer.sqf','A3A_fnc_loadPlayer'
385,'D:\\Dropbox\\hobby\\Modding\\Programs\\Github\\Foreign_Repos\\A3-Antistasi\\functions\\Save','fn_loadPreviousSession.sqf','A3A_fnc_loadPreviousSession'
386,'D:\\Dropbox\\hobby\\Modding\\Programs\\Github\\Foreign_Repos\\A3-Antistasi\\functions\\Save','fn_loadServer.sqf','A3A_fnc_loadServer'
387,'D:\\Dropbox\\hobby\\Modding\\Programs\\Github\\Foreign_Repos\\A3-Antistasi\\functions\\Save','fn_playerHasSave.sqf','A3A_fnc_playerHasSave'
388,'D:\\Dropbox\\hobby\\Modding\\Programs\\Github\\Foreign_Repos\\A3-Antistasi\\functions\\Save','fn_savePlayer.sqf','A3A_fnc_savePlayer'
389,'D:\\Dropbox\\hobby\\Modding\\Programs\\Github\\Foreign_Repos\\A3-Antistasi\\functions\\Save','fn_getStatVariable.sqf','A3A_fnc_getStatVariable'
390,'D:\\Dropbox\\hobby\\Modding\\Programs\\Github\\Foreign_Repos\\A3-Antistasi\\functions\\Save','fn_loadStat.sqf','A3A_fnc_loadStat'
391,'D:\\Dropbox\\hobby\\Modding\\Programs\\Github\\Foreign_Repos\\A3-Antistasi\\functions\\Save','fn_retrievePlayerStat.sqf','A3A_fnc_retrievePlayerStat'
392,'D:\\Dropbox\\hobby\\Modding\\Programs\\Github\\Foreign_Repos\\A3-Antistasi\\functions\\Save','fn_returnSavedStat.sqf','A3A_fnc_returnSavedStat'
393,'D:\\Dropbox\\hobby\\Modding\\Programs\\Github\\Foreign_Repos\\A3-Antistasi\\functions\\Save','fn_savePlayerStat.sqf','A3A_fnc_savePlayerStat'
394,'D:\\Dropbox\\hobby\\Modding\\Programs\\Github\\Foreign_Repos\\A3-Antistasi\\functions\\Save','fn_setStatVariable.sqf','A3A_fnc_setStatVariable'
395,'D:\\Dropbox\\hobby\\Modding\\Programs\\Github\\Foreign_Repos\\A3-Antistasi\\functions\\Save','fn_varNameToSaveName.sqf','A3A_fnc_varNameToSaveName'
396,'D:\\Dropbox\\hobby\\Modding\\Programs\\Github\\Foreign_Repos\\A3-Antistasi\\functions\\Save','fn_saveLoop.sqf','A3A_fnc_saveLoop'
397,'D:\\Dropbox\\hobby\\Modding\\Programs\\Github\\Foreign_Repos\\A3-Antistasi\\functions\\Templates','fn_aceModCompat.sqf','A3A_fnc_aceModCompat'
398,'D:\\Dropbox\\hobby\\Modding\\Programs\\Github\\Foreign_Repos\\A3-Antistasi\\functions\\Templates','fn_getLoadout.sqf','A3A_fnc_getLoadout'
399,'D:\\Dropbox\\hobby\\Modding\\Programs\\Github\\Foreign_Repos\\A3-Antistasi\\functions\\Templates','fn_ifaModCompat.sqf','A3A_fnc_ifaModCompat'
400,'D:\\Dropbox\\hobby\\Modding\\Programs\\Github\\Foreign_Repos\\A3-Antistasi\\functions\\Templates','fn_rhsModCompat.sqf','A3A_fnc_rhsModCompat'
401,'D:\\Dropbox\\hobby\\Modding\\Programs\\Github\\Foreign_Repos\\A3-Antistasi\\functions\\UI','fn_customHint.sqf','A3A_fnc_customHint'
402,'D:\\Dropbox\\hobby\\Modding\\Programs\\Github\\Foreign_Repos\\A3-Antistasi\\functions\\Undercover','fn_initUndercover.sqf','A3A_fnc_initUndercover'
403,'D:\\Dropbox\\hobby\\Modding\\Programs\\Github\\Foreign_Repos\\A3-Antistasi\\functions\\Undercover','fn_goUndercover.sqf','A3A_fnc_goUndercover'
404,'D:\\Dropbox\\hobby\\Modding\\Programs\\Github\\Foreign_Repos\\A3-Antistasi\\functions\\Utility','fn_basicBackpack.sqf','A3A_fnc_basicBackpack'
405,'D:\\Dropbox\\hobby\\Modding\\Programs\\Github\\Foreign_Repos\\A3-Antistasi\\functions\\Utility','fn_createDataObject.sqf','A3A_fnc_createDataObject'
406,'D:\\Dropbox\\hobby\\Modding\\Programs\\Github\\Foreign_Repos\\A3-Antistasi\\functions\\Utility','fn_createNamespace.sqf','A3A_fnc_createNamespace'
407,'D:\\Dropbox\\hobby\\Modding\\Programs\\Github\\Foreign_Repos\\A3-Antistasi\\functions\\Utility','fn_dateToTimeString.sqf','A3A_fnc_dateToTimeString'
408,'D:\\Dropbox\\hobby\\Modding\\Programs\\Github\\Foreign_Repos\\A3-Antistasi\\functions\\Utility','fn_generateRoadsDB.sqf','A3A_fnc_generateRoadsDB'
409,'D:\\Dropbox\\hobby\\Modding\\Programs\\Github\\Foreign_Repos\\A3-Antistasi\\functions\\Utility','fn_log.sqf','A3A_fnc_log'
410,'D:\\Dropbox\\hobby\\Modding\\Programs\\Github\\Foreign_Repos\\A3-Antistasi\\functions\\Utility','fn_vehicleWillCollideAtPosition.sqf','A3A_fnc_vehicleWillCollideAtPosition'
411,'D:\\Dropbox\\hobby\\Modding\\Programs\\Github\\Foreign_Repos\\A3-Antistasi\\functions\\Utility','fn_getRoadDirection.sqf','A3A_fnc_getRoadDirection'
412,'D:\\Dropbox\\hobby\\Modding\\Programs\\Github\\Foreign_Repos\\A3-Antistasi\\functions\\JNA','fn_file.sqf','JN_fnc_file'
413,'D:\\Dropbox\\hobby\\Modding\\Programs\\Github\\Foreign_Repos\\A3-Antistasi\\functions\\JNA','fn_arsenal.sqf','JN_fnc_arsenal'
414,'D:\\Dropbox\\hobby\\Modding\\Programs\\Github\\Foreign_Repos\\A3-Antistasi\\functions\\JNA','fn_arsenal_addItem.sqf','JN_fnc_arsenal_addItem'
415,'D:\\Dropbox\\hobby\\Modding\\Programs\\Github\\Foreign_Repos\\A3-Antistasi\\functions\\JNA','fn_arsenal_addToArray.sqf','JN_fnc_arsenal_addToArray'
416,'D:\\Dropbox\\hobby\\Modding\\Programs\\Github\\Foreign_Repos\\A3-Antistasi\\functions\\JNA','fn_arsenal_cargoToArray.sqf','JN_fnc_arsenal_cargoToArray'
417,'D:\\Dropbox\\hobby\\Modding\\Programs\\Github\\Foreign_Repos\\A3-Antistasi\\functions\\JNA','fn_arsenal_cargoToArsenal.sqf','JN_fnc_arsenal_cargoToArsenal'
418,'D:\\Dropbox\\hobby\\Modding\\Programs\\Github\\Foreign_Repos\\A3-Antistasi\\functions\\JNA','fn_arsenal_handleAction.sqf','JN_fnc_arsenal_handleAction'
419,'D:\\Dropbox\\hobby\\Modding\\Programs\\Github\\Foreign_Repos\\A3-Antistasi\\functions\\JNA','fn_arsenal_init.sqf','JN_fnc_arsenal_init'
420,'D:\\Dropbox\\hobby\\Modding\\Programs\\Github\\Foreign_Repos\\A3-Antistasi\\functions\\JNA','fn_arsenal_inList.sqf','JN_fnc_arsenal_inList'
421,'D:\\Dropbox\\hobby\\Modding\\Programs\\Github\\Foreign_Repos\\A3-Antistasi\\functions\\JNA','fn_arsenal_itemCount.sqf','JN_fnc_arsenal_itemCount'
422,'D:\\Dropbox\\hobby\\Modding\\Programs\\Github\\Foreign_Repos\\A3-Antistasi\\functions\\JNA','fn_arsenal_itemType.sqf','JN_fnc_arsenal_itemType'
423,'D:\\Dropbox\\hobby\\Modding\\Programs\\Github\\Foreign_Repos\\A3-Antistasi\\functions\\JNA','fn_arsenal_loadInventory.sqf','JN_fnc_arsenal_loadInventory'
424,'D:\\Dropbox\\hobby\\Modding\\Programs\\Github\\Foreign_Repos\\A3-Antistasi\\functions\\JNA','fn_arsenal_removeFromArray.sqf','JN_fnc_arsenal_removeFromArray'
425,'D:\\Dropbox\\hobby\\Modding\\Programs\\Github\\Foreign_Repos\\A3-Antistasi\\functions\\JNA','fn_arsenal_removeItem.sqf','JN_fnc_arsenal_removeItem'
426,'D:\\Dropbox\\hobby\\Modding\\Programs\\Github\\Foreign_Repos\\A3-Antistasi\\functions\\JNA','fn_arsenal_requestOpen.sqf','JN_fnc_arsenal_requestOpen'
427,'D:\\Dropbox\\hobby\\Modding\\Programs\\Github\\Foreign_Repos\\A3-Antistasi\\functions\\JNA','fn_arsenal_requestClose.sqf','JN_fnc_arsenal_requestClose'
428,'D:\\Dropbox\\hobby\\Modding\\Programs\\Github\\Foreign_Repos\\A3-Antistasi\\functions\\JNA','fn_vehicleArsenal.sqf','JN_fnc_vehicleArsenal'
429,'D:\\Dropbox\\hobby\\Modding\\Programs\\Github\\Foreign_Repos\\A3-Antistasi\\functions\\JND','fn_file.sqf','JN_fnc_file'
430,'D:\\Dropbox\\hobby\\Modding\\Programs\\Github\\Foreign_Repos\\A3-Antistasi\\functions\\JND','fn_debugv2.sqf','JN_fnc_debugv2'
431,'D:\\Dropbox\\hobby\\Modding\\Programs\\Github\\Foreign_Repos\\A3-Antistasi\\functions\\JNG','fn_file.sqf','JN_fnc_file'
432,'D:\\Dropbox\\hobby\\Modding\\Programs\\Github\\Foreign_Repos\\A3-Antistasi\\functions\\JNG','fn_garage.sqf','JN_fnc_garage'
433,'D:\\Dropbox\\hobby\\Modding\\Programs\\Github\\Foreign_Repos\\A3-Antistasi\\functions\\JNG','fn_garage_addVehicle.sqf','JN_fnc_garage_addVehicle'
434,'D:\\Dropbox\\hobby\\Modding\\Programs\\Github\\Foreign_Repos\\A3-Antistasi\\functions\\JNG','fn_garage_init.sqf','JN_fnc_garage_init'
435,'D:\\Dropbox\\hobby\\Modding\\Programs\\Github\\Foreign_Repos\\A3-Antistasi\\functions\\JNG','fn_garage_releaseVehicle.sqf','JN_fnc_garage_releaseVehicle'
436,'D:\\Dropbox\\hobby\\Modding\\Programs\\Github\\Foreign_Repos\\A3-Antistasi\\functions\\JNG','fn_garage_removeVehicle.sqf','JN_fnc_garage_removeVehicle'
437,'D:\\Dropbox\\hobby\\Modding\\Programs\\Github\\Foreign_Repos\\A3-Antistasi\\functions\\JNG','fn_garage_requestOpen.sqf','JN_fnc_garage_requestOpen'
438,'D:\\Dropbox\\hobby\\Modding\\Programs\\Github\\Foreign_Repos\\A3-Antistasi\\functions\\JNG','fn_garage_requestClose.sqf','JN_fnc_garage_requestClose'
439,'D:\\Dropbox\\hobby\\Modding\\Programs\\Github\\Foreign_Repos\\A3-Antistasi\\functions\\JNG','fn_garage_requestVehicle.sqf','JN_fnc_garage_requestVehicle'
440,'D:\\Dropbox\\hobby\\Modding\\Programs\\Github\\Foreign_Repos\\A3-Antistasi\\functions\\JNG','fn_garage_getVehicleIndex.sqf','JN_fnc_garage_getVehicleIndex'
441,'D:\\Dropbox\\hobby\\Modding\\Programs\\Github\\Foreign_Repos\\A3-Antistasi\\functions\\JNG','fn_garage_getVehicleData.sqf','JN_fnc_garage_getVehicleData'
442,'D:\\Dropbox\\hobby\\Modding\\Programs\\Github\\Foreign_Repos\\A3-Antistasi\\functions\\JNG','fn_garage_garageVehicle.sqf','JN_fnc_garage_garageVehicle'
443,'D:\\Dropbox\\hobby\\Modding\\Programs\\Github\\Foreign_Repos\\A3-Antistasi\\functions\\JNG','fn_garage_canGarageVehicle.sqf','JN_fnc_garage_canGarageVehicle'
444,'D:\\Dropbox\\hobby\\Modding\\Programs\\Github\\Foreign_Repos\\A3-Antistasi\\functions\\JNL','fn_file.sqf','JN_fnc_file'
445,'D:\\Dropbox\\hobby\\Modding\\Programs\\Github\\Foreign_Repos\\A3-Antistasi\\functions\\JNL','fn_logistics_init.sqf','JN_fnc_logistics_init'
446,'D:\\Dropbox\\hobby\\Modding\\Programs\\Github\\Foreign_Repos\\A3-Antistasi\\functions\\JNL','fn_logistics_load.sqf','JN_fnc_logistics_load'
447,'D:\\Dropbox\\hobby\\Modding\\Programs\\Github\\Foreign_Repos\\A3-Antistasi\\functions\\JNL','fn_logistics_unLoad.sqf','JN_fnc_logistics_unLoad'
448,'D:\\Dropbox\\hobby\\Modding\\Programs\\Github\\Foreign_Repos\\A3-Antistasi\\functions\\JNL','fn_logistics_addAction.sqf','JN_fnc_logistics_addAction'
449,'D:\\Dropbox\\hobby\\Modding\\Programs\\Github\\Foreign_Repos\\A3-Antistasi\\functions\\JNL','fn_logistics_removeAction.sqf','JN_fnc_logistics_removeAction'
450,'D:\\Dropbox\\hobby\\Modding\\Programs\\Github\\Foreign_Repos\\A3-Antistasi\\functions\\JNL_Actions','fn_file.sqf','JN_fnc_file'
451,'D:\\Dropbox\\hobby\\Modding\\Programs\\Github\\Foreign_Repos\\A3-Antistasi\\functions\\JNL_Actions','fn_logistics_addActionGetInWeapon.sqf','JN_fnc_logistics_addActionGetInWeapon'
452,'D:\\Dropbox\\hobby\\Modding\\Programs\\Github\\Foreign_Repos\\A3-Antistasi\\functions\\JNL_Actions','fn_logistics_addActionLoad.sqf','JN_fnc_logistics_addActionLoad'
453,'D:\\Dropbox\\hobby\\Modding\\Programs\\Github\\Foreign_Repos\\A3-Antistasi\\functions\\JNL_Actions','fn_logistics_addActionUnload.sqf','JN_fnc_logistics_addActionUnload'
454,'D:\\Dropbox\\hobby\\Modding\\Programs\\Github\\Foreign_Repos\\A3-Antistasi\\functions\\JNL_Actions','fn_logistics_addEventGetOutWeapon.sqf','JN_fnc_logistics_addEventGetOutWeapon'
455,'D:\\Dropbox\\hobby\\Modding\\Programs\\Github\\Foreign_Repos\\A3-Antistasi\\functions\\JNL_Actions','fn_logistics_removeActionGetInWeapon.sqf','JN_fnc_logistics_removeActionGetInWeapon'
456,'D:\\Dropbox\\hobby\\Modding\\Programs\\Github\\Foreign_Repos\\A3-Antistasi\\functions\\JNL_Actions','fn_logistics_removeActionLoad.sqf','JN_fnc_logistics_removeActionLoad'
457,'D:\\Dropbox\\hobby\\Modding\\Programs\\Github\\Foreign_Repos\\A3-Antistasi\\functions\\JNL_Actions','fn_logistics_removeActionUnload.sqf','JN_fnc_logistics_removeActionUnload'
458,'D:\\Dropbox\\hobby\\Modding\\Programs\\Github\\Foreign_Repos\\A3-Antistasi\\functions\\JNL_Actions','fn_logistics_removeEventGetOutWeapon.sqf','JN_fnc_logistics_removeEventGetOutWeapon'
459,'D:\\Dropbox\\hobby\\Modding\\Programs\\Github\\Foreign_Repos\\A3-Antistasi\\functions\\JNL_Functions','fn_file.sqf','JN_fnc_file'
460,'D:\\Dropbox\\hobby\\Modding\\Programs\\Github\\Foreign_Repos\\A3-Antistasi\\functions\\JNL_Functions','fn_logistics_canLoad.sqf','JN_fnc_logistics_canLoad'
461,'D:\\Dropbox\\hobby\\Modding\\Programs\\Github\\Foreign_Repos\\A3-Antistasi\\functions\\JNL_Functions','fn_logistics_getCargo.sqf','JN_fnc_logistics_getCargo'
462,'D:\\Dropbox\\hobby\\Modding\\Programs\\Github\\Foreign_Repos\\A3-Antistasi\\functions\\JNL_Functions','fn_logistics_getCargoOffsetAndDir.sqf','JN_fnc_logistics_getCargoOffsetAndDir'
463,'D:\\Dropbox\\hobby\\Modding\\Programs\\Github\\Foreign_Repos\\A3-Antistasi\\functions\\JNL_Functions','fn_logistics_getCargoType.sqf','JN_fnc_logistics_getCargoType'
464,'D:\\Dropbox\\hobby\\Modding\\Programs\\Github\\Foreign_Repos\\A3-Antistasi\\functions\\JNL_Functions','fn_logistics_getNodes.sqf','JN_fnc_logistics_getNodes'
465,'D:\\Dropbox\\hobby\\Modding\\Programs\\Github\\Foreign_Repos\\A3-Antistasi\\functions\\JNL_Functions','fn_logistics_lockSeats.sqf','JN_fnc_logistics_lockSeats'