fnc_AS_id,fnc_As_path,fnc_AS_name,
386,JeroenArsenalJNA\arsenal.sqf,JN_fnc_arsenal
387,JeroenArsenalJNA\arsenal_addItem.sqf,JN_fnc_arsenal_addItem
388,JeroenArsenalJNA\arsenal_addToArray.sqf,JN_fnc_arsenal_addToArray
389,JeroenArsenalJNA\arsenal_cargoToArray.sqf,JN_fnc_arsenal_cargoToArray
390,JeroenArsenalJNA\arsenal_cargoToArsenal.sqf,JN_fnc_arsenal_cargoToArsenal
391,JeroenArsenalJNA\arsenal_handleAction.sqf,JN_fnc_arsenal_handleAction
392,JeroenArsenalJNA\arsenal_init.sqf,JN_fnc_arsenal_init
393,JeroenArsenalJNA\arsenal_inList.sqf,JN_fnc_arsenal_inList
394,JeroenArsenalJNA\arsenal_itemCount.sqf,JN_fnc_arsenal_itemCount
395,JeroenArsenalJNA\arsenal_itemType.sqf,JN_fnc_arsenal_itemType
396,JeroenArsenalJNA\arsenal_loadInventory.sqf,JN_fnc_arsenal_loadInventory
397,JeroenArsenalJNA\arsenal_removeFromArray.sqf,JN_fnc_arsenal_removeFromArray
398,JeroenArsenalJNA\arsenal_removeItem.sqf,JN_fnc_arsenal_removeItem
399,JeroenArsenalJNA\arsenal_requestOpen.sqf,JN_fnc_arsenal_requestOpen
400,JeroenArsenalJNA\arsenal_requestClose.sqf,JN_fnc_arsenal_requestClose
401,JeroenArsenalJNA\vehicleArsenal.sqf,JN_fnc_vehicleArsenal
402,JeroenArsenalJND\debugv2.sqf,JN_fnc_debugv2
403,JeroenArsenalJNG\garage.sqf,JN_fnc_garage
404,JeroenArsenalJNG\garage_addVehicle.sqf,JN_fnc_garage_addVehicle
405,JeroenArsenalJNG\garage_init.sqf,JN_fnc_garage_init
406,JeroenArsenalJNG\garage_releaseVehicle.sqf,JN_fnc_garage_releaseVehicle
407,JeroenArsenalJNG\garage_removeVehicle.sqf,JN_fnc_garage_removeVehicle
408,JeroenArsenalJNG\garage_requestOpen.sqf,JN_fnc_garage_requestOpen
409,JeroenArsenalJNG\garage_requestClose.sqf,JN_fnc_garage_requestClose
410,JeroenArsenalJNG\garage_requestVehicle.sqf,JN_fnc_garage_requestVehicle
411,JeroenArsenalJNG\garage_getVehicleIndex.sqf,JN_fnc_garage_getVehicleIndex
412,JeroenArsenalJNG\garage_getVehicleData.sqf,JN_fnc_garage_getVehicleData
413,JeroenArsenalJNG\garage_garageVehicle.sqf,JN_fnc_garage_garageVehicle
414,JeroenArsenalJNG\garage_canGarageVehicle.sqf,JN_fnc_garage_canGarageVehicle
415,JeroenArsenalJNL\logistics_init.sqf,JN_fnc_logistics_init
416,JeroenArsenalJNL\logistics_load.sqf,JN_fnc_logistics_load
417,JeroenArsenalJNL\logistics_unLoad.sqf,JN_fnc_logistics_unLoad
418,JeroenArsenalJNL\logistics_addAction.sqf,JN_fnc_logistics_addAction
419,JeroenArsenalJNL\logistics_removeAction.sqf,JN_fnc_logistics_removeAction
420,JeroenArsenalJNL_Actions\logistics_addActionGetInWeapon.sqf,JN_fnc_logistics_addActionGetInWeapon
421,JeroenArsenalJNL_Actions\logistics_addActionLoad.sqf,JN_fnc_logistics_addActionLoad
422,JeroenArsenalJNL_Actions\logistics_addActionUnload.sqf,JN_fnc_logistics_addActionUnload
423,JeroenArsenalJNL_Actions\logistics_addEventGetOutWeapon.sqf,JN_fnc_logistics_addEventGetOutWeapon
424,JeroenArsenalJNL_Actions\logistics_removeActionGetInWeapon.sqf,JN_fnc_logistics_removeActionGetInWeapon
425,JeroenArsenalJNL_Actions\logistics_removeActionLoad.sqf,JN_fnc_logistics_removeActionLoad
426,JeroenArsenalJNL_Actions\logistics_removeActionUnload.sqf,JN_fnc_logistics_removeActionUnload
427,JeroenArsenalJNL_Actions\logistics_removeEventGetOutWeapon.sqf,JN_fnc_logistics_removeEventGetOutWeapon
428,JeroenArsenalJNL_Functions\logistics_canLoad.sqf,JN_fnc_logistics_canLoad
429,JeroenArsenalJNL_Functions\logistics_getCargo.sqf,JN_fnc_logistics_getCargo
430,JeroenArsenalJNL_Functions\logistics_getCargoOffsetAndDir.sqf,JN_fnc_logistics_getCargoOffsetAndDir
431,JeroenArsenalJNL_Functions\logistics_getCargoType.sqf,JN_fnc_logistics_getCargoType
432,JeroenArsenalJNL_Functions\logistics_getNodes.sqf,JN_fnc_logistics_getNodes
433,JeroenArsenalJNL_Functions\logistics_lockSeats.sqf,JN_fnc_logistics_lockSeats
